This is XeTeX, Version 3.14159265-2.6-0.99999 (TeX Live 2018) (preloaded format=xelatex 2019.3.20)  13 NOV 2020 17:10
entering extended mode
 restricted \write18 enabled.
 %&-line parsing enabled.
**/Users/avitkbhowmik/Work/Career/Professorship/Augsburg/CV_Bhowmik/bibliograph
y.bib

(/Users/avitkbhowmik/Work/Career/Professorship/Augsburg/CV_Bhowmik/bibliography
.bib
LaTeX2e <2018-04-01> patch level 2
Babel <3.18> and hyphenation patterns for 84 language(s) loaded.

! LaTeX Error: Missing \begin{document}.

See the LaTeX manual or LaTeX Companion for explanation.
Type  H <return>  for immediate help.
 ...                                              
                                                  
l.3 @
     incollection{falk_15c_2020,
You're in trouble here.  Try typing  <return>  to proceed.
If that doesn't work, type  X <return>  to quit.

Missing character: There is no @ in font nullfont!
Missing character: There is no i in font nullfont!
Missing character: There is no n in font nullfont!
Missing character: There is no c in font nullfont!
Missing character: There is no o in font nullfont!
Missing character: There is no l in font nullfont!
Missing character: There is no l in font nullfont!
Missing character: There is no e in font nullfont!
Missing character: There is no c in font nullfont!
Missing character: There is no t in font nullfont!
Missing character: There is no i in font nullfont!
Missing character: There is no o in font nullfont!
Missing character: There is no n in font nullfont!
Missing character: There is no f in font nullfont!
Missing character: There is no a in font nullfont!
Missing character: There is no l in font nullfont!
Missing character: There is no k in font nullfont!
! Missing $ inserted.
<inserted text> 
                $
l.3 @incollection{falk_
                       15c_2020,
I've inserted a begin-math/end-math symbol since I think
you left one out. Proceed, with fingers crossed.

LaTeX Font Info:    External font `cmex10' loaded for size
(Font)              <7> on input line 3.
LaTeX Font Info:    External font `cmex10' loaded for size
(Font)              <5> on input line 3.
! Extra }, or forgotten $.
l.11 }
      
I've deleted a group-closing symbol because it seems to be
spurious, as in `$x}$'. But perhaps the } is legitimate and
you forgot something else, as in `\hbox{$x}'. In such cases
the way to recover is to insert both the forgotten and the
deleted material, e.g., by typing `I$}'.

! Missing $ inserted.
<inserted text> 
                $
l.12 
     
I've inserted a begin-math/end-math symbol since I think
you left one out. Proceed, with fingers crossed.

Missing character: There is no ° in font cmr10!

Overfull \hbox (103.84688pt too wide) in paragraph at lines 3--12
[]$[]\OT1/cmr/m/n/10 5\OML/cmm/m/it/10 c[]\OT1/cmr/m/n/10 020\OML/cmm/m/it/10 ;
 location \OT1/cmr/m/n/10 =
 []


Overfull \hbox (81.0887pt too wide) in paragraph at lines 3--12
[]\OML/cmm/m/it/10 ; title \OT1/cmr/m/n/10 =
 []


Overfull \hbox (476.26357pt too wide) in paragraph at lines 3--12
[]\OML/cmm/m/it/10 ; url \OT1/cmr/m/n/10 =
 []


Overfull \hbox (550.90211pt too wide) in paragraph at lines 3--12
[]\OML/cmm/m/it/10 ; publisher \OT1/cmr/m/n/10 =
 []


Overfull \hbox (186.7495pt too wide) in paragraph at lines 3--12
[]\OML/cmm/m/it/10 ; author \OT1/cmr/m/n/10 =
 []


Overfull \hbox (797.709pt too wide) in paragraph at lines 3--12
[]\OML/cmm/m/it/10 ; date \OT1/cmr/m/n/10 =
 []


Overfull \hbox (52.25421pt too wide) in paragraph at lines 3--12
[]\OML/cmm/m/it/10 ; file \OT1/cmr/m/n/10 =
 []


Overfull \hbox (752.15448pt too wide) in paragraph at lines 3--12
[]$ 
 []


! LaTeX Error: Missing \begin{document}.

See the LaTeX manual or LaTeX Companion for explanation.
Type  H <return>  for immediate help.
 ...                                              
                                                  
l.13 @
      inproceedings{bhowmik_chase_2020,
You're in trouble here.  Try typing  <return>  to proceed.
If that doesn't work, type  X <return>  to quit.

Missing character: There is no @ in font nullfont!
Missing character: There is no i in font nullfont!
Missing character: There is no n in font nullfont!
Missing character: There is no p in font nullfont!
Missing character: There is no r in font nullfont!
Missing character: There is no o in font nullfont!
Missing character: There is no c in font nullfont!
Missing character: There is no e in font nullfont!
Missing character: There is no e in font nullfont!
Missing character: There is no d in font nullfont!
Missing character: There is no i in font nullfont!
Missing character: There is no n in font nullfont!
Missing character: There is no g in font nullfont!
Missing character: There is no s in font nullfont!
Missing character: There is no b in font nullfont!
Missing character: There is no h in font nullfont!
Missing character: There is no o in font nullfont!
Missing character: There is no w in font nullfont!
Missing character: There is no m in font nullfont!
Missing character: There is no i in font nullfont!
Missing character: There is no k in font nullfont!
! Missing $ inserted.
<inserted text> 
                $
l.13 @inproceedings{bhowmik_
                            chase_2020,
I've inserted a begin-math/end-math symbol since I think
you left one out. Proceed, with fingers crossed.

! Extra }, or forgotten $.
l.20 }
      
I've deleted a group-closing symbol because it seems to be
spurious, as in `$x}$'. But perhaps the } is legitimate and
you forgot something else, as in `\hbox{$x}'. In such cases
the way to recover is to insert both the forgotten and the
deleted material, e.g., by typing `I$}'.

! Missing $ inserted.
<inserted text> 
                $
l.21 
     
I've inserted a begin-math/end-math symbol since I think
you left one out. Proceed, with fingers crossed.


Overfull \hbox (114.49815pt too wide) in paragraph at lines 13--21
[]$[]\OML/cmm/m/it/10 hase[]\OT1/cmr/m/n/10 020\OML/cmm/m/it/10 ; location \OT1
/cmr/m/n/10 =
 []


Overfull \hbox (81.0887pt too wide) in paragraph at lines 13--21
[]\OML/cmm/m/it/10 ; title \OT1/cmr/m/n/10 =
 []


Overfull \hbox (393.10728pt too wide) in paragraph at lines 13--21
[]\OML/cmm/m/it/10 ; rights \OT1/cmr/m/n/10 =
 []


Overfull \hbox (84.58194pt too wide) in paragraph at lines 13--21
[]\OML/cmm/m/it/10 ; booktitle \OT1/cmr/m/n/10 =
 []


Overfull \hbox (297.53793pt too wide) in paragraph at lines 13--21
[]\OML/cmm/m/it/10 ; author \OT1/cmr/m/n/10 =
 []


Overfull \hbox (103.7808pt too wide) in paragraph at lines 13--21
[]\OML/cmm/m/it/10 ; date \OT1/cmr/m/n/10 =
 []


Overfull \hbox (64.4444pt too wide) in paragraph at lines 13--21
[]$ 
 []


! LaTeX Error: Missing \begin{document}.

See the LaTeX manual or LaTeX Companion for explanation.
Type  H <return>  for immediate help.
 ...                                              
                                                  
l.22 @
      inproceedings{bhowmik_p10_2020,
You're in trouble here.  Try typing  <return>  to proceed.
If that doesn't work, type  X <return>  to quit.

Missing character: There is no @ in font nullfont!
Missing character: There is no i in font nullfont!
Missing character: There is no n in font nullfont!
Missing character: There is no p in font nullfont!
Missing character: There is no r in font nullfont!
Missing character: There is no o in font nullfont!
Missing character: There is no c in font nullfont!
Missing character: There is no e in font nullfont!
Missing character: There is no e in font nullfont!
Missing character: There is no d in font nullfont!
Missing character: There is no i in font nullfont!
Missing character: There is no n in font nullfont!
Missing character: There is no g in font nullfont!
Missing character: There is no s in font nullfont!
Missing character: There is no b in font nullfont!
Missing character: There is no h in font nullfont!
Missing character: There is no o in font nullfont!
Missing character: There is no w in font nullfont!
Missing character: There is no m in font nullfont!
Missing character: There is no i in font nullfont!
Missing character: There is no k in font nullfont!
! Missing $ inserted.
<inserted text> 
                $
l.22 @inproceedings{bhowmik_
                            p10_2020,
I've inserted a begin-math/end-math symbol since I think
you left one out. Proceed, with fingers crossed.

! Extra }, or forgotten $.
l.28 }
      
I've deleted a group-closing symbol because it seems to be
spurious, as in `$x}$'. But perhaps the } is legitimate and
you forgot something else, as in `\hbox{$x}'. In such cases
the way to recover is to insert both the forgotten and the
deleted material, e.g., by typing `I$}'.

! Missing $ inserted.
<inserted text> 
                $
l.29 
     
I've inserted a begin-math/end-math symbol since I think
you left one out. Proceed, with fingers crossed.


Overfull \hbox (87.61267pt too wide) in paragraph at lines 22--29
[]$[]\OT1/cmr/m/n/10 10[]020\OML/cmm/m/it/10 ; title \OT1/cmr/m/n/10 =
 []


Overfull \hbox (234.45824pt too wide) in paragraph at lines 22--29
[]\OML/cmm/m/it/10 ; rights \OT1/cmr/m/n/10 =
 []


Overfull \hbox (84.58194pt too wide) in paragraph at lines 22--29
[]\OML/cmm/m/it/10 ; booktitle \OT1/cmr/m/n/10 =
 []


Overfull \hbox (495.58144pt too wide) in paragraph at lines 22--29
[]\OML/cmm/m/it/10 ; author \OT1/cmr/m/n/10 =
 []


Overfull \hbox (103.7808pt too wide) in paragraph at lines 22--29
[]\OML/cmm/m/it/10 ; date \OT1/cmr/m/n/10 =
 []


Overfull \hbox (64.4444pt too wide) in paragraph at lines 22--29
[]$ 
 []


! LaTeX Error: Missing \begin{document}.

See the LaTeX manual or LaTeX Companion for explanation.
Type  H <return>  for immediate help.
 ...                                              
                                                  
l.30 @
      article{bhowmik_social_nodate,
You're in trouble here.  Try typing  <return>  to proceed.
If that doesn't work, type  X <return>  to quit.

Missing character: There is no @ in font nullfont!
Missing character: There is no a in font nullfont!
Missing character: There is no r in font nullfont!
Missing character: There is no t in font nullfont!
Missing character: There is no i in font nullfont!
Missing character: There is no c in font nullfont!
Missing character: There is no l in font nullfont!
Missing character: There is no e in font nullfont!
Missing character: There is no b in font nullfont!
Missing character: There is no h in font nullfont!
Missing character: There is no o in font nullfont!
Missing character: There is no w in font nullfont!
Missing character: There is no m in font nullfont!
Missing character: There is no i in font nullfont!
Missing character: There is no k in font nullfont!
! Missing $ inserted.
<inserted text> 
                $
l.30 @article{bhowmik_
                      social_nodate,
I've inserted a begin-math/end-math symbol since I think
you left one out. Proceed, with fingers crossed.

! Extra }, or forgotten $.
l.36 }
      
I've deleted a group-closing symbol because it seems to be
spurious, as in `$x}$'. But perhaps the } is legitimate and
you forgot something else, as in `\hbox{$x}'. In such cases
the way to recover is to insert both the forgotten and the
deleted material, e.g., by typing `I$}'.

! Missing $ inserted.
<inserted text> 
                $
l.37 
     
I've inserted a begin-math/end-math symbol since I think
you left one out. Proceed, with fingers crossed.


Overfull \hbox (107.71674pt too wide) in paragraph at lines 30--37
[]$[]\OML/cmm/m/it/10 ocial[]odate; title \OT1/cmr/m/n/10 =
 []


Overfull \hbox (319.42917pt too wide) in paragraph at lines 30--37
[]\OML/cmm/m/it/10 ; rights \OT1/cmr/m/n/10 =
 []


Overfull \hbox (94.01538pt too wide) in paragraph at lines 30--37
[]\OML/cmm/m/it/10 ; journaltitle \OT1/cmr/m/n/10 =
 []


Overfull \hbox (124.17221pt too wide) in paragraph at lines 30--37
[]\OML/cmm/m/it/10 ; author \OT1/cmr/m/n/10 =
 []


Overfull \hbox (193.64622pt too wide) in paragraph at lines 30--37
[]\OML/cmm/m/it/10 ; date \OT1/cmr/m/n/10 =
 []


Overfull \hbox (20.00006pt too wide) in paragraph at lines 30--37
[]$ 
 []


! LaTeX Error: Missing \begin{document}.

See the LaTeX manual or LaTeX Companion for explanation.
Type  H <return>  for immediate help.
 ...                                              
                                                  
l.38 @
      article{bhowmik_powers_2020,
You're in trouble here.  Try typing  <return>  to proceed.
If that doesn't work, type  X <return>  to quit.

Missing character: There is no @ in font nullfont!
Missing character: There is no a in font nullfont!
Missing character: There is no r in font nullfont!
Missing character: There is no t in font nullfont!
Missing character: There is no i in font nullfont!
Missing character: There is no c in font nullfont!
Missing character: There is no l in font nullfont!
Missing character: There is no e in font nullfont!
Missing character: There is no b in font nullfont!
Missing character: There is no h in font nullfont!
Missing character: There is no o in font nullfont!
Missing character: There is no w in font nullfont!
Missing character: There is no m in font nullfont!
Missing character: There is no i in font nullfont!
Missing character: There is no k in font nullfont!
! Missing $ inserted.
<inserted text> 
                $
l.38 @article{bhowmik_
                      powers_2020,
I've inserted a begin-math/end-math symbol since I think
you left one out. Proceed, with fingers crossed.

! Extra }, or forgotten $.
l.46 }
      
I've deleted a group-closing symbol because it seems to be
spurious, as in `$x}$'. But perhaps the } is legitimate and
you forgot something else, as in `\hbox{$x}'. In such cases
the way to recover is to insert both the forgotten and the
deleted material, e.g., by typing `I$}'.

! Missing $ inserted.
<inserted text> 
                $
l.47 
     
I've inserted a begin-math/end-math symbol since I think
you left one out. Proceed, with fingers crossed.

Missing character: There is no “ in font cmr10!
Missing character: There is no ” in font cmr10!
Missing character: There is no “ in font cmr10!
Missing character: There is no ” in font cmr10!
Missing character: There is no “ in font cmr10!
Missing character: There is no ” in font cmr10!

Overfull \hbox (104.02126pt too wide) in paragraph at lines 38--47
[]$[]\OML/cmm/m/it/10 owers[]\OT1/cmr/m/n/10 020\OML/cmm/m/it/10 ; title \OT1/c
mr/m/n/10 =
 []


Overfull \hbox (508.06213pt too wide) in paragraph at lines 38--47
[]\OML/cmm/m/it/10 ; url \OT1/cmr/m/n/10 =
 []


Overfull \hbox (230.0119pt too wide) in paragraph at lines 38--47
[]\OML/cmm/m/it/10 ; doi \OT1/cmr/m/n/10 =
 []


Overfull \hbox (269.53935pt too wide) in paragraph at lines 38--47
[]\OML/cmm/m/it/10 ; journaltitle \OT1/cmr/m/n/10 =
 []


Overfull \hbox (189.43854pt too wide) in paragraph at lines 38--47
[]\OML/cmm/m/it/10 ; author \OT1/cmr/m/n/10 =
 []


Overfull \hbox (417.94531pt too wide) in paragraph at lines 38--47
[]\OML/cmm/m/it/10 ; date \OT1/cmr/m/n/10 =
 []


Overfull \hbox (52.25421pt too wide) in paragraph at lines 38--47
[]\OML/cmm/m/it/10 ; file \OT1/cmr/m/n/10 =
 []


Overfull \hbox (968.9374pt too wide) in paragraph at lines 38--47
[]$ 
 []


! LaTeX Error: Missing \begin{document}.

See the LaTeX manual or LaTeX Companion for explanation.
Type  H <return>  for immediate help.
 ...                                              
                                                  
l.48 @
      article{otto_social_2020,
You're in trouble here.  Try typing  <return>  to proceed.
If that doesn't work, type  X <return>  to quit.

Missing character: There is no @ in font nullfont!
Missing character: There is no a in font nullfont!
Missing character: There is no r in font nullfont!
Missing character: There is no t in font nullfont!
Missing character: There is no i in font nullfont!
Missing character: There is no c in font nullfont!
Missing character: There is no l in font nullfont!
Missing character: There is no e in font nullfont!
Missing character: There is no o in font nullfont!
Missing character: There is no t in font nullfont!
Missing character: There is no t in font nullfont!
Missing character: There is no o in font nullfont!
! Missing $ inserted.
<inserted text> 
                $
l.48 @article{otto_
                   social_2020,
I've inserted a begin-math/end-math symbol since I think
you left one out. Proceed, with fingers crossed.

! Extra }, or forgotten $.
l.59 }
      
I've deleted a group-closing symbol because it seems to be
spurious, as in `$x}$'. But perhaps the } is legitimate and
you forgot something else, as in `\hbox{$x}'. In such cases
the way to recover is to insert both the forgotten and the
deleted material, e.g., by typing `I$}'.

! Missing $ inserted.
<inserted text> 
                $
l.60 
     
I've inserted a begin-math/end-math symbol since I think
you left one out. Proceed, with fingers crossed.

Missing character: There is no ’ in font cmr10!
Missing character: There is no ’ in font cmr10!
Missing character: There is no ö in font cmmi10!
Missing character: There is no á in font cmmi10!
Missing character: There is no ’ in font cmr10!
Missing character: There is no ’ in font cmr10!

Overfull \hbox (98.15422pt too wide) in paragraph at lines 48--60
[]$[]\OML/cmm/m/it/10 ocial[]\OT1/cmr/m/n/10 020\OML/cmm/m/it/10 ; title \OT1/c
mr/m/n/10 =
 []


Overfull \hbox (289.33469pt too wide) in paragraph at lines 48--60
[]\OML/cmm/m/it/10 ; url \OT1/cmr/m/n/10 =
 []


Overfull \hbox (343.35774pt too wide) in paragraph at lines 48--60
[]\OML/cmm/m/it/10 ; doi \OT1/cmr/m/n/10 =
 []


Overfull \hbox (162.45284pt too wide) in paragraph at lines 48--60
[]\OML/cmm/m/it/10 ; abstract \OT1/cmr/m/n/10 =
 []


Overfull \hbox (10878.06776pt too wide) in paragraph at lines 48--60
[]\OML/cmm/m/it/10 ; pages \OT1/cmr/m/n/10 =
 []


Overfull \hbox (113.02473pt too wide) in paragraph at lines 48--60
[]\OML/cmm/m/it/10 ; journaltitle \OT1/cmr/m/n/10 =
 []


Overfull \hbox (285.04958pt too wide) in paragraph at lines 48--60
[]\OML/cmm/m/it/10 ; shortjournal \OT1/cmr/m/n/10 =
 []


Overfull \hbox (146.92111pt too wide) in paragraph at lines 48--60
[]\OML/cmm/m/it/10 ; author \OT1/cmr/m/n/10 =
 []


Overfull \hbox (1406.05429pt too wide) in paragraph at lines 48--60
[]\OML/cmm/m/it/10 ; date \OT1/cmr/m/n/10 =
 []


Overfull \hbox (96.69855pt too wide) in paragraph at lines 48--60
[]\OML/cmm/m/it/10 ; file \OT1/cmr/m/n/10 =
 []


Overfull \hbox (1375.64833pt too wide) in paragraph at lines 48--60
[]$ 
 []


! LaTeX Error: Missing \begin{document}.

See the LaTeX manual or LaTeX Companion for explanation.
Type  H <return>  for immediate help.
 ...                                              
                                                  
l.61 @
      article{jacobson_tipping_2020,
You're in trouble here.  Try typing  <return>  to proceed.
If that doesn't work, type  X <return>  to quit.

Missing character: There is no @ in font nullfont!
Missing character: There is no a in font nullfont!
Missing character: There is no r in font nullfont!
Missing character: There is no t in font nullfont!
Missing character: There is no i in font nullfont!
Missing character: There is no c in font nullfont!
Missing character: There is no l in font nullfont!
Missing character: There is no e in font nullfont!
Missing character: There is no j in font nullfont!
Missing character: There is no a in font nullfont!
Missing character: There is no c in font nullfont!
Missing character: There is no o in font nullfont!
Missing character: There is no b in font nullfont!
Missing character: There is no s in font nullfont!
Missing character: There is no o in font nullfont!
Missing character: There is no n in font nullfont!
! Missing $ inserted.
<inserted text> 
                $
l.61 @article{jacobson_
                       tipping_2020,
I've inserted a begin-math/end-math symbol since I think
you left one out. Proceed, with fingers crossed.

! Extra }, or forgotten $.
l.72 }
      
I've deleted a group-closing symbol because it seems to be
spurious, as in `$x}$'. But perhaps the } is legitimate and
you forgot something else, as in `\hbox{$x}'. In such cases
the way to recover is to insert both the forgotten and the
deleted material, e.g., by typing `I$}'.

! Missing $ inserted.
<inserted text> 
                $
l.73 
     
I've inserted a begin-math/end-math symbol since I think
you left one out. Proceed, with fingers crossed.

Missing character: There is no ‐ in font cmr10!
Missing character: There is no – in font cmr10!
Missing character: There is no ‐ in font cmr10!
Missing character: There is no Å in font cmmi10!

Overfull \hbox (104.23593pt too wide) in paragraph at lines 61--73
[]$[]\OML/cmm/m/it/10 ipping[]\OT1/cmr/m/n/10 020\OML/cmm/m/it/10 ; title \OT1/
cmr/m/n/10 =
 []


Overfull \hbox (584.64635pt too wide) in paragraph at lines 61--73
[]\OML/cmm/m/it/10 ; volume \OT1/cmr/m/n/10 =
 []


Overfull \hbox (48.49721pt too wide) in paragraph at lines 61--73
[]\OML/cmm/m/it/10 ; doi \OT1/cmr/m/n/10 =
 []


Overfull \hbox (139.08011pt too wide) in paragraph at lines 61--73
[]\OML/cmm/m/it/10 ; abstract \OT1/cmr/m/n/10 =
 []


Overfull \hbox (6543.61722pt too wide) in paragraph at lines 61--73
[]\OML/cmm/m/it/10 ; pages \OT1/cmr/m/n/10 =
 []


Overfull \hbox (78.02463pt too wide) in paragraph at lines 61--73
[]\OML/cmm/m/it/10 ; journaltitle \OT1/cmr/m/n/10 =
 []


Overfull \hbox (109.00565pt too wide) in paragraph at lines 61--73
[]\OML/cmm/m/it/10 ; author \OT1/cmr/m/n/10 =
 []


Overfull \hbox (358.82pt too wide) in paragraph at lines 61--73
[]\OML/cmm/m/it/10 ; date \OT1/cmr/m/n/10 =
 []


Overfull \hbox (63.24725pt too wide) in paragraph at lines 61--73
[]\OML/cmm/m/it/10 ; langid \OT1/cmr/m/n/10 =
 []


Overfull \hbox (65.11601pt too wide) in paragraph at lines 61--73
[]\OML/cmm/m/it/10 ; file \OT1/cmr/m/n/10 =
 []


Overfull \hbox (1674.73682pt too wide) in paragraph at lines 61--73
[]$ 
 []


! LaTeX Error: Missing \begin{document}.

See the LaTeX manual or LaTeX Companion for explanation.
Type  H <return>  for immediate help.
 ...                                              
                                                  
l.74 @
      report{grubler_innovations_2020,
You're in trouble here.  Try typing  <return>  to proceed.
If that doesn't work, type  X <return>  to quit.

Missing character: There is no @ in font nullfont!
Missing character: There is no r in font nullfont!
Missing character: There is no e in font nullfont!
Missing character: There is no p in font nullfont!
Missing character: There is no o in font nullfont!
Missing character: There is no r in font nullfont!
Missing character: There is no t in font nullfont!
Missing character: There is no g in font nullfont!
Missing character: There is no r in font nullfont!
Missing character: There is no u in font nullfont!
Missing character: There is no b in font nullfont!
Missing character: There is no l in font nullfont!
Missing character: There is no e in font nullfont!
Missing character: There is no r in font nullfont!
! Missing $ inserted.
<inserted text> 
                $
l.74 @report{grubler_
                     innovations_2020,
I've inserted a begin-math/end-math symbol since I think
you left one out. Proceed, with fingers crossed.

! Extra }, or forgotten $.
l.88 }
      
I've deleted a group-closing symbol because it seems to be
spurious, as in `$x}$'. But perhaps the } is legitimate and
you forgot something else, as in `\hbox{$x}'. In such cases
the way to recover is to insert both the forgotten and the
deleted material, e.g., by typing `I$}'.

! Missing $ inserted.
<inserted text> 
                $
l.89 
     
I've inserted a begin-math/end-math symbol since I think
you left one out. Proceed, with fingers crossed.

Missing character: There is no Ã in font cmmi10!
Missing character: There is no ¶ in font cmr10!

Overfull \hbox (126.25673pt too wide) in paragraph at lines 74--89
[]$[]\OML/cmm/m/it/10 nnovations[]\OT1/cmr/m/n/10 020\OML/cmm/m/it/10 ; title \
OT1/cmr/m/n/10 =
 []


Overfull \hbox (565.31744pt too wide) in paragraph at lines 74--89
[]\OML/cmm/m/it/10 ; rights \OT1/cmr/m/n/10 =
 []


Overfull \hbox (315.50014pt too wide) in paragraph at lines 74--89
[]\OML/cmm/m/it/10 ; url \OT1/cmr/m/n/10 =
 []


Overfull \hbox (250.16138pt too wide) in paragraph at lines 74--89
[]\OML/cmm/m/it/10 ; institution \OT1/cmr/m/n/10 =
 []


Overfull \hbox (303.93843pt too wide) in paragraph at lines 74--89
[]\OML/cmm/m/it/10 ; type \OT1/cmr/m/n/10 =
 []


Overfull \hbox (201.12057pt too wide) in paragraph at lines 74--89
[]\OML/cmm/m/it/10 ; author \OT1/cmr/m/n/10 =
 []


Overfull \hbox (4818.44525pt too wide) in paragraph at lines 74--89
[]\OML/cmm/m/it/10 ; urldate \OT1/cmr/m/n/10 =
 []


Overfull \hbox (98.20245pt too wide) in paragraph at lines 74--89
[]\OML/cmm/m/it/10 ; date \OT1/cmr/m/n/10 =
 []


Overfull \hbox (63.24725pt too wide) in paragraph at lines 74--89
[]\OML/cmm/m/it/10 ; langid \OT1/cmr/m/n/10 =
 []


Overfull \hbox (61.35901pt too wide) in paragraph at lines 74--89
[]\OML/cmm/m/it/10 ; doi \OT1/cmr/m/n/10 =
 []


Overfull \hbox (175.20738pt too wide) in paragraph at lines 74--89
[]\OML/cmm/m/it/10 ; note \OT1/cmr/m/n/10 =
 []


Overfull \hbox (186.45161pt too wide) in paragraph at lines 74--89
[]\OML/cmm/m/it/10 ; file \OT1/cmr/m/n/10 =
 []


Overfull \hbox (1006.9551pt too wide) in paragraph at lines 74--89
[]$ 
 []


! LaTeX Error: Missing \begin{document}.

See the LaTeX manual or LaTeX Companion for explanation.
Type  H <return>  for immediate help.
 ...                                              
                                                  
l.90 @
      report{loken_diets_2020,
You're in trouble here.  Try typing  <return>  to proceed.
If that doesn't work, type  X <return>  to quit.

Missing character: There is no @ in font nullfont!
Missing character: There is no r in font nullfont!
Missing character: There is no e in font nullfont!
Missing character: There is no p in font nullfont!
Missing character: There is no o in font nullfont!
Missing character: There is no r in font nullfont!
Missing character: There is no t in font nullfont!
Missing character: There is no l in font nullfont!
Missing character: There is no o in font nullfont!
Missing character: There is no k in font nullfont!
Missing character: There is no e in font nullfont!
Missing character: There is no n in font nullfont!
! Missing $ inserted.
<inserted text> 
                $
l.90 @report{loken_
                   diets_2020,
I've inserted a begin-math/end-math symbol since I think
you left one out. Proceed, with fingers crossed.

! Extra }, or forgotten $.
l.100 }
       
I've deleted a group-closing symbol because it seems to be
spurious, as in `$x}$'. But perhaps the } is legitimate and
you forgot something else, as in `\hbox{$x}'. In such cases
the way to recover is to insert both the forgotten and the
deleted material, e.g., by typing `I$}'.

! Missing $ inserted.
<inserted text> 
                $
l.101 
      
I've inserted a begin-math/end-math symbol since I think
you left one out. Proceed, with fingers crossed.


Overfull \hbox (111.09605pt too wide) in paragraph at lines 90--101
[]$[]\OML/cmm/m/it/10 iets[]\OT1/cmr/m/n/10 020\OML/cmm/m/it/10 ; location \OT1
/cmr/m/n/10 =
 []


Overfull \hbox (54.12497pt too wide) in paragraph at lines 90--101
[]\OML/cmm/m/it/10 ; title \OT1/cmr/m/n/10 =
 []


Overfull \hbox (473.3023pt too wide) in paragraph at lines 90--101
[]\OML/cmm/m/it/10 ; url \OT1/cmr/m/n/10 =
 []


Overfull \hbox (339.46365pt too wide) in paragraph at lines 90--101
[]\OML/cmm/m/it/10 ; pages \OT1/cmr/m/n/10 =
 []


Overfull \hbox (73.4327pt too wide) in paragraph at lines 90--101
[]\OML/cmm/m/it/10 ; institution \OT1/cmr/m/n/10 =
 []


Overfull \hbox (88.2119pt too wide) in paragraph at lines 90--101
[]\OML/cmm/m/it/10 ; type \OT1/cmr/m/n/10 =
 []


Overfull \hbox (119.93167pt too wide) in paragraph at lines 90--101
[]\OML/cmm/m/it/10 ; author \OT1/cmr/m/n/10 =
 []


Overfull \hbox (225.95856pt too wide) in paragraph at lines 90--101
[]\OML/cmm/m/it/10 ; date \OT1/cmr/m/n/10 =
 []


Overfull \hbox (52.25421pt too wide) in paragraph at lines 90--101
[]\OML/cmm/m/it/10 ; file \OT1/cmr/m/n/10 =
 []


Overfull \hbox (970.33725pt too wide) in paragraph at lines 90--101
[]$ 
 []


! LaTeX Error: Missing \begin{document}.

See the LaTeX manual or LaTeX Companion for explanation.
Type  H <return>  for immediate help.
 ...                                              
                                                  
l.102 @
       inproceedings{bhowmik_exponential_2019,
You're in trouble here.  Try typing  <return>  to proceed.
If that doesn't work, type  X <return>  to quit.

Missing character: There is no @ in font nullfont!
Missing character: There is no i in font nullfont!
Missing character: There is no n in font nullfont!
Missing character: There is no p in font nullfont!
Missing character: There is no r in font nullfont!
Missing character: There is no o in font nullfont!
Missing character: There is no c in font nullfont!
Missing character: There is no e in font nullfont!
Missing character: There is no e in font nullfont!
Missing character: There is no d in font nullfont!
Missing character: There is no i in font nullfont!
Missing character: There is no n in font nullfont!
Missing character: There is no g in font nullfont!
Missing character: There is no s in font nullfont!
Missing character: There is no b in font nullfont!
Missing character: There is no h in font nullfont!
Missing character: There is no o in font nullfont!
Missing character: There is no w in font nullfont!
Missing character: There is no m in font nullfont!
Missing character: There is no i in font nullfont!
Missing character: There is no k in font nullfont!
! Missing $ inserted.
<inserted text> 
                $
l.102 @inproceedings{bhowmik_
                             exponential_2019,
I've inserted a begin-math/end-math symbol since I think
you left one out. Proceed, with fingers crossed.

! Extra }, or forgotten $.
l.111 }
       
I've deleted a group-closing symbol because it seems to be
spurious, as in `$x}$'. But perhaps the } is legitimate and
you forgot something else, as in `\hbox{$x}'. In such cases
the way to recover is to insert both the forgotten and the
deleted material, e.g., by typing `I$}'.

! Missing $ inserted.
<inserted text> 
                $
l.112 
      
I've inserted a begin-math/end-math symbol since I think
you left one out. Proceed, with fingers crossed.


Overfull \hbox (141.90793pt too wide) in paragraph at lines 102--112
[]$[]\OML/cmm/m/it/10 xponential[]\OT1/cmr/m/n/10 019\OML/cmm/m/it/10 ; locatio
n \OT1/cmr/m/n/10 =
 []


Overfull \hbox (96.32906pt too wide) in paragraph at lines 102--112
[]\OML/cmm/m/it/10 ; title \OT1/cmr/m/n/10 =
 []


Overfull \hbox (164.7138pt too wide) in paragraph at lines 102--112
[]\OML/cmm/m/it/10 ; rights \OT1/cmr/m/n/10 =
 []


Overfull \hbox (121.72723pt too wide) in paragraph at lines 102--112
[]\OML/cmm/m/it/10 ; eventtitle \OT1/cmr/m/n/10 =
 []


Overfull \hbox (250.72955pt too wide) in paragraph at lines 102--112
[]\OML/cmm/m/it/10 ; booktitle \OT1/cmr/m/n/10 =
 []


Overfull \hbox (592.02586pt too wide) in paragraph at lines 102--112
[]\OML/cmm/m/it/10 ; publisher \OT1/cmr/m/n/10 =
 []


Overfull \hbox (198.3903pt too wide) in paragraph at lines 102--112
[]\OML/cmm/m/it/10 ; author \OT1/cmr/m/n/10 =
 []


Overfull \hbox (103.7808pt too wide) in paragraph at lines 102--112
[]\OML/cmm/m/it/10 ; date \OT1/cmr/m/n/10 =
 []


Overfull \hbox (20.00006pt too wide) in paragraph at lines 102--112
[]$ 
 []


! LaTeX Error: Missing \begin{document}.

See the LaTeX manual or LaTeX Companion for explanation.
Type  H <return>  for immediate help.
 ...                                              
                                                  
l.113 @
       report{gaffney_meeting_2019,
You're in trouble here.  Try typing  <return>  to proceed.
If that doesn't work, type  X <return>  to quit.

Missing character: There is no @ in font nullfont!
Missing character: There is no r in font nullfont!
Missing character: There is no e in font nullfont!
Missing character: There is no p in font nullfont!
Missing character: There is no o in font nullfont!
Missing character: There is no r in font nullfont!
Missing character: There is no t in font nullfont!
Missing character: There is no g in font nullfont!
Missing character: There is no a in font nullfont!
Missing character: There is no f in font nullfont!
Missing character: There is no f in font nullfont!
Missing character: There is no n in font nullfont!
Missing character: There is no e in font nullfont!
Missing character: There is no y in font nullfont!
! Missing $ inserted.
<inserted text> 
                $
l.113 @report{gaffney_
                      meeting_2019,
I've inserted a begin-math/end-math symbol since I think
you left one out. Proceed, with fingers crossed.

! Extra }, or forgotten $.
l.123 }
       
I've deleted a group-closing symbol because it seems to be
spurious, as in `$x}$'. But perhaps the } is legitimate and
you forgot something else, as in `\hbox{$x}'. In such cases
the way to recover is to insert both the forgotten and the
deleted material, e.g., by typing `I$}'.

! Missing $ inserted.
<inserted text> 
                $
l.124 
      
I've inserted a begin-math/end-math symbol since I think
you left one out. Proceed, with fingers crossed.

Missing character: There is no ° in font cmr10!
Missing character: There is no ö in font cmmi10!
Missing character: There is no ° in font cmr10!
Missing character: There is no ° in font cmr10!

Overfull \hbox (124.7701pt too wide) in paragraph at lines 113--124
[]$[]\OML/cmm/m/it/10 eeting[]\OT1/cmr/m/n/10 019\OML/cmm/m/it/10 ; location \O
T1/cmr/m/n/10 =
 []


Overfull \hbox (77.89883pt too wide) in paragraph at lines 113--124
[]\OML/cmm/m/it/10 ; title \OT1/cmr/m/n/10 =
 []


Overfull \hbox (379.62903pt too wide) in paragraph at lines 113--124
[]\OML/cmm/m/it/10 ; url \OT1/cmr/m/n/10 =
 []


Overfull \hbox (190.02625pt too wide) in paragraph at lines 113--124
[]\OML/cmm/m/it/10 ; pages \OT1/cmr/m/n/10 =
 []


Overfull \hbox (73.4327pt too wide) in paragraph at lines 113--124
[]\OML/cmm/m/it/10 ; institution \OT1/cmr/m/n/10 =
 []


Overfull \hbox (232.68735pt too wide) in paragraph at lines 113--124
[]\OML/cmm/m/it/10 ; type \OT1/cmr/m/n/10 =
 []


Overfull \hbox (390.39537pt too wide) in paragraph at lines 113--124
[]\OML/cmm/m/it/10 ; author \OT1/cmr/m/n/10 =
 []


Overfull \hbox (985.89557pt too wide) in paragraph at lines 113--124
[]\OML/cmm/m/it/10 ; date \OT1/cmr/m/n/10 =
 []


Overfull \hbox (52.25421pt too wide) in paragraph at lines 113--124
[]\OML/cmm/m/it/10 ; file \OT1/cmr/m/n/10 =
 []


Overfull \hbox (998.20097pt too wide) in paragraph at lines 113--124
[]$ 
 []


! LaTeX Error: Missing \begin{document}.

See the LaTeX manual or LaTeX Companion for explanation.
Type  H <return>  for immediate help.
 ...                                              
                                                  
l.125 @
       report{falk_exponential_2019,
You're in trouble here.  Try typing  <return>  to proceed.
If that doesn't work, type  X <return>  to quit.

Missing character: There is no @ in font nullfont!
Missing character: There is no r in font nullfont!
Missing character: There is no e in font nullfont!
Missing character: There is no p in font nullfont!
Missing character: There is no o in font nullfont!
Missing character: There is no r in font nullfont!
Missing character: There is no t in font nullfont!
Missing character: There is no f in font nullfont!
Missing character: There is no a in font nullfont!
Missing character: There is no l in font nullfont!
Missing character: There is no k in font nullfont!
! Missing $ inserted.
<inserted text> 
                $
l.125 @report{falk_
                   exponential_2019,
I've inserted a begin-math/end-math symbol since I think
you left one out. Proceed, with fingers crossed.

! Extra }, or forgotten $.
l.135 }
       
I've deleted a group-closing symbol because it seems to be
spurious, as in `$x}$'. But perhaps the } is legitimate and
you forgot something else, as in `\hbox{$x}'. In such cases
the way to recover is to insert both the forgotten and the
deleted material, e.g., by typing `I$}'.

! Missing $ inserted.
<inserted text> 
                $
l.136 
      
I've inserted a begin-math/end-math symbol since I think
you left one out. Proceed, with fingers crossed.

Missing character: There is no ö in font cmmi10!
Missing character: There is no ó in font cmmi10!
Missing character: There is no á in font cmmi10!
Missing character: There is no å in font cmmi10!
Missing character: There is no é in font cmmi10!

Overfull \hbox (141.90793pt too wide) in paragraph at lines 125--136
[]$[]\OML/cmm/m/it/10 xponential[]\OT1/cmr/m/n/10 019\OML/cmm/m/it/10 ; locatio
n \OT1/cmr/m/n/10 =
 []


Overfull \hbox (77.89883pt too wide) in paragraph at lines 125--136
[]\OML/cmm/m/it/10 ; title \OT1/cmr/m/n/10 =
 []


Overfull \hbox (337.3212pt too wide) in paragraph at lines 125--136
[]\OML/cmm/m/it/10 ; url \OT1/cmr/m/n/10 =
 []


Overfull \hbox (190.02625pt too wide) in paragraph at lines 125--136
[]\OML/cmm/m/it/10 ; pages \OT1/cmr/m/n/10 =
 []


Overfull \hbox (78.43271pt too wide) in paragraph at lines 125--136
[]\OML/cmm/m/it/10 ; institution \OT1/cmr/m/n/10 =
 []


Overfull \hbox (93.29178pt too wide) in paragraph at lines 125--136
[]\OML/cmm/m/it/10 ; type \OT1/cmr/m/n/10 =
 []


Overfull \hbox (242.29526pt too wide) in paragraph at lines 125--136
[]\OML/cmm/m/it/10 ; author \OT1/cmr/m/n/10 =
 []


Overfull \hbox (1486.6361pt too wide) in paragraph at lines 125--136
[]\OML/cmm/m/it/10 ; date \OT1/cmr/m/n/10 =
 []


Overfull \hbox (52.25421pt too wide) in paragraph at lines 125--136
[]\OML/cmm/m/it/10 ; file \OT1/cmr/m/n/10 =
 []


Overfull \hbox (954.7543pt too wide) in paragraph at lines 125--136
[]$ 
 []


! LaTeX Error: Missing \begin{document}.

See the LaTeX manual or LaTeX Companion for explanation.
Type  H <return>  for immediate help.
 ...                                              
                                                  
l.137 @
       article{downing_matching_2019,
You're in trouble here.  Try typing  <return>  to proceed.
If that doesn't work, type  X <return>  to quit.

Missing character: There is no @ in font nullfont!
Missing character: There is no a in font nullfont!
Missing character: There is no r in font nullfont!
Missing character: There is no t in font nullfont!
Missing character: There is no i in font nullfont!
Missing character: There is no c in font nullfont!
Missing character: There is no l in font nullfont!
Missing character: There is no e in font nullfont!
Missing character: There is no d in font nullfont!
Missing character: There is no o in font nullfont!
Missing character: There is no w in font nullfont!
Missing character: There is no n in font nullfont!
Missing character: There is no i in font nullfont!
Missing character: There is no n in font nullfont!
Missing character: There is no g in font nullfont!
! Missing $ inserted.
<inserted text> 
                $
l.137 @article{downing_
                       matching_2019,
I've inserted a begin-math/end-math symbol since I think
you left one out. Proceed, with fingers crossed.

! Extra }, or forgotten $.
l.144 }
       
I've deleted a group-closing symbol because it seems to be
spurious, as in `$x}$'. But perhaps the } is legitimate and
you forgot something else, as in `\hbox{$x}'. In such cases
the way to recover is to insert both the forgotten and the
deleted material, e.g., by typing `I$}'.

! Missing $ inserted.
<inserted text> 
                $
l.145 
      
I've inserted a begin-math/end-math symbol since I think
you left one out. Proceed, with fingers crossed.

Missing character: There is no ä in font cmmi10!
Missing character: There is no ä in font cmmi10!

Overfull \hbox (113.78972pt too wide) in paragraph at lines 137--145
[]$[]\OML/cmm/m/it/10 atching[]\OT1/cmr/m/n/10 019\OML/cmm/m/it/10 ; title \OT1
/cmr/m/n/10 =
 []


Overfull \hbox (312.148pt too wide) in paragraph at lines 137--145
[]\OML/cmm/m/it/10 ; issn \OT1/cmr/m/n/10 =
 []


Overfull \hbox (80.7194pt too wide) in paragraph at lines 137--145
[]\OML/cmm/m/it/10 ; doi \OT1/cmr/m/n/10 =
 []


Overfull \hbox (269.0058pt too wide) in paragraph at lines 137--145
[]\OML/cmm/m/it/10 ; journaltitle \OT1/cmr/m/n/10 =
 []


Overfull \hbox (189.43854pt too wide) in paragraph at lines 137--145
[]\OML/cmm/m/it/10 ; author \OT1/cmr/m/n/10 =
 []


Overfull \hbox (674.44269pt too wide) in paragraph at lines 137--145
[]\OML/cmm/m/it/10 ; date \OT1/cmr/m/n/10 =
 []


Overfull \hbox (20.00006pt too wide) in paragraph at lines 137--145
[]$ 
 []


! LaTeX Error: The font size command \normalsize is not defined:
               there is probably something wrong with the class file.

See the LaTeX manual or LaTeX Companion for explanation.
Type  H <return>  for immediate help.
 ...                                              
                                                  
l.145 
      
Your command was ignored.
Type  I <command> <return>  to replace it with another command,
or  <return>  to continue without it.

[1]

! LaTeX Error: Missing \begin{document}.

See the LaTeX manual or LaTeX Companion for explanation.
Type  H <return>  for immediate help.
 ...                                              
                                                  
l.147 @
       article{padmanaban_satellite_2019,
You're in trouble here.  Try typing  <return>  to proceed.
If that doesn't work, type  X <return>  to quit.

Missing character: There is no @ in font nullfont!
Missing character: There is no a in font nullfont!
Missing character: There is no r in font nullfont!
Missing character: There is no t in font nullfont!
Missing character: There is no i in font nullfont!
Missing character: There is no c in font nullfont!
Missing character: There is no l in font nullfont!
Missing character: There is no e in font nullfont!
Missing character: There is no p in font nullfont!
Missing character: There is no a in font nullfont!
Missing character: There is no d in font nullfont!
Missing character: There is no m in font nullfont!
Missing character: There is no a in font nullfont!
Missing character: There is no n in font nullfont!
Missing character: There is no a in font nullfont!
Missing character: There is no b in font nullfont!
Missing character: There is no a in font nullfont!
Missing character: There is no n in font nullfont!
! Missing $ inserted.
<inserted text> 
                $
l.147 @article{padmanaban_
                          satellite_2019,
I've inserted a begin-math/end-math symbol since I think
you left one out. Proceed, with fingers crossed.

! Extra }, or forgotten $.
l.157 }
       
I've deleted a group-closing symbol because it seems to be
spurious, as in `$x}$'. But perhaps the } is legitimate and
you forgot something else, as in `\hbox{$x}'. In such cases
the way to recover is to insert both the forgotten and the
deleted material, e.g., by typing `I$}'.

! Missing $ inserted.
<inserted text> 
                $
l.158 
      
I've inserted a begin-math/end-math symbol since I think
you left one out. Proceed, with fingers crossed.


Overfull \hbox (108.89154pt too wide) in paragraph at lines 147--158
[]$[]\OML/cmm/m/it/10 atellite[]\OT1/cmr/m/n/10 019\OML/cmm/m/it/10 ; title \OT
1/cmr/m/n/10 =
 []


Overfull \hbox (582.07762pt too wide) in paragraph at lines 147--158
[]\OML/cmm/m/it/10 ; volume \OT1/cmr/m/n/10 =
 []


Overfull \hbox (38.49718pt too wide) in paragraph at lines 147--158
[]\OML/cmm/m/it/10 ; doi \OT1/cmr/m/n/10 =
 []


Overfull \hbox (250.25632pt too wide) in paragraph at lines 147--158
[]\OML/cmm/m/it/10 ; pages \OT1/cmr/m/n/10 =
 []


Overfull \hbox (88.90065pt too wide) in paragraph at lines 147--158
[]\OML/cmm/m/it/10 ; number \OT1/cmr/m/n/10 =
 []


Overfull \hbox (73.02461pt too wide) in paragraph at lines 147--158
\OT1/cmr/m/n/10 1\OML/cmm/m/it/10 ; journaltitle \OT1/cmr/m/n/10 =
 []


Overfull \hbox (99.23698pt too wide) in paragraph at lines 147--158
[]\OML/cmm/m/it/10 ; author \OT1/cmr/m/n/10 =
 []


Overfull \hbox (255.50928pt too wide) in paragraph at lines 147--158
[]\OML/cmm/m/it/10 ; date \OT1/cmr/m/n/10 =
 []


Overfull \hbox (52.25421pt too wide) in paragraph at lines 147--158
[]\OML/cmm/m/it/10 ; file \OT1/cmr/m/n/10 =
 []


Overfull \hbox (1629.73805pt too wide) in paragraph at lines 147--158
[]$ 
 []


! LaTeX Error: Missing \begin{document}.

See the LaTeX manual or LaTeX Companion for explanation.
Type  H <return>  for immediate help.
 ...                                              
                                                  
l.159 @
       report{falk_exponential_2018,
You're in trouble here.  Try typing  <return>  to proceed.
If that doesn't work, type  X <return>  to quit.

Missing character: There is no @ in font nullfont!
Missing character: There is no r in font nullfont!
Missing character: There is no e in font nullfont!
Missing character: There is no p in font nullfont!
Missing character: There is no o in font nullfont!
Missing character: There is no r in font nullfont!
Missing character: There is no t in font nullfont!
Missing character: There is no f in font nullfont!
Missing character: There is no a in font nullfont!
Missing character: There is no l in font nullfont!
Missing character: There is no k in font nullfont!
! Missing $ inserted.
<inserted text> 
                $
l.159 @report{falk_
                   exponential_2018,
I've inserted a begin-math/end-math symbol since I think
you left one out. Proceed, with fingers crossed.

! Extra }, or forgotten $.
l.169 }
       
I've deleted a group-closing symbol because it seems to be
spurious, as in `$x}$'. But perhaps the } is legitimate and
you forgot something else, as in `\hbox{$x}'. In such cases
the way to recover is to insert both the forgotten and the
deleted material, e.g., by typing `I$}'.

! Missing $ inserted.
<inserted text> 
                $
l.170 
      
I've inserted a begin-math/end-math symbol since I think
you left one out. Proceed, with fingers crossed.

Missing character: There is no ö in font cmmi10!
Missing character: There is no é in font cmmi10!
Missing character: There is no ó in font cmmi10!
Missing character: There is no á in font cmmi10!
Missing character: There is no ö in font cmmi10!

Overfull \hbox (141.90793pt too wide) in paragraph at lines 159--170
[]$[]\OML/cmm/m/it/10 xponential[]\OT1/cmr/m/n/10 018\OML/cmm/m/it/10 ; locatio
n \OT1/cmr/m/n/10 =
 []


Overfull \hbox (226.78189pt too wide) in paragraph at lines 159--170
[]\OML/cmm/m/it/10 ; title \OT1/cmr/m/n/10 =
 []


Overfull \hbox (193.09058pt too wide) in paragraph at lines 159--170
[]\OML/cmm/m/it/10 ; url \OT1/cmr/m/n/10 =
 []


Overfull \hbox (247.69893pt too wide) in paragraph at lines 159--170
[]\OML/cmm/m/it/10 ; pages \OT1/cmr/m/n/10 =
 []


Overfull \hbox (78.43271pt too wide) in paragraph at lines 159--170
[]\OML/cmm/m/it/10 ; institution \OT1/cmr/m/n/10 =
 []


Overfull \hbox (93.29178pt too wide) in paragraph at lines 159--170
[]\OML/cmm/m/it/10 ; type \OT1/cmr/m/n/10 =
 []


Overfull \hbox (177.27249pt too wide) in paragraph at lines 159--170
[]\OML/cmm/m/it/10 ; author \OT1/cmr/m/n/10 =
 []


Overfull \hbox (1591.57533pt too wide) in paragraph at lines 159--170
[]\OML/cmm/m/it/10 ; date \OT1/cmr/m/n/10 =
 []


Overfull \hbox (52.25421pt too wide) in paragraph at lines 159--170
[]\OML/cmm/m/it/10 ; file \OT1/cmr/m/n/10 =
 []


Overfull \hbox (827.72604pt too wide) in paragraph at lines 159--170
[]$ 
 []


! LaTeX Error: Missing \begin{document}.

See the LaTeX manual or LaTeX Companion for explanation.
Type  H <return>  for immediate help.
 ...                                              
                                                  
l.171 @
       inproceedings{slavik_transforming_2018,
You're in trouble here.  Try typing  <return>  to proceed.
If that doesn't work, type  X <return>  to quit.

Missing character: There is no @ in font nullfont!
Missing character: There is no i in font nullfont!
Missing character: There is no n in font nullfont!
Missing character: There is no p in font nullfont!
Missing character: There is no r in font nullfont!
Missing character: There is no o in font nullfont!
Missing character: There is no c in font nullfont!
Missing character: There is no e in font nullfont!
Missing character: There is no e in font nullfont!
Missing character: There is no d in font nullfont!
Missing character: There is no i in font nullfont!
Missing character: There is no n in font nullfont!
Missing character: There is no g in font nullfont!
Missing character: There is no s in font nullfont!
Missing character: There is no s in font nullfont!
Missing character: There is no l in font nullfont!
Missing character: There is no a in font nullfont!
Missing character: There is no v in font nullfont!
Missing character: There is no i in font nullfont!
Missing character: There is no k in font nullfont!
! Missing $ inserted.
<inserted text> 
                $
l.171 @inproceedings{slavik_
                            transforming_2018,
I've inserted a begin-math/end-math symbol since I think
you left one out. Proceed, with fingers crossed.

! Extra }, or forgotten $.
l.180 }
       
I've deleted a group-closing symbol because it seems to be
spurious, as in `$x}$'. But perhaps the } is legitimate and
you forgot something else, as in `\hbox{$x}'. In such cases
the way to recover is to insert both the forgotten and the
deleted material, e.g., by typing `I$}'.

! Missing $ inserted.
<inserted text> 
                $
l.181 
      
I've inserted a begin-math/end-math symbol since I think
you left one out. Proceed, with fingers crossed.


Overfull \hbox (152.92528pt too wide) in paragraph at lines 171--181
[]$[]\OML/cmm/m/it/10 ransforming[]\OT1/cmr/m/n/10 018\OML/cmm/m/it/10 ; locati
on \OT1/cmr/m/n/10 =
 []


Overfull \hbox (105.52536pt too wide) in paragraph at lines 171--181
[]\OML/cmm/m/it/10 ; title \OT1/cmr/m/n/10 =
 []


Overfull \hbox (241.86221pt too wide) in paragraph at lines 171--181
[]\OML/cmm/m/it/10 ; rights \OT1/cmr/m/n/10 =
 []


Overfull \hbox (89.20699pt too wide) in paragraph at lines 171--181
[]\OML/cmm/m/it/10 ; eventtitle \OT1/cmr/m/n/10 =
 []


Overfull \hbox (734.39142pt too wide) in paragraph at lines 171--181
[]\OML/cmm/m/it/10 ; booktitle \OT1/cmr/m/n/10 =
 []


Overfull \hbox (255.39168pt too wide) in paragraph at lines 171--181
[]\OML/cmm/m/it/10 ; publisher \OT1/cmr/m/n/10 =
 []


Overfull \hbox (104.75131pt too wide) in paragraph at lines 171--181
[]\OML/cmm/m/it/10 ; author \OT1/cmr/m/n/10 =
 []


Overfull \hbox (165.49564pt too wide) in paragraph at lines 171--181
[]\OML/cmm/m/it/10 ; date \OT1/cmr/m/n/10 =
 []


Overfull \hbox (20.00006pt too wide) in paragraph at lines 171--181
[]$ 
 []


! LaTeX Error: Missing \begin{document}.

See the LaTeX manual or LaTeX Companion for explanation.
Type  H <return>  for immediate help.
 ...                                              
                                                  
l.183 @
       article{padmanaban_what_2018,
You're in trouble here.  Try typing  <return>  to proceed.
If that doesn't work, type  X <return>  to quit.

Missing character: There is no @ in font nullfont!
Missing character: There is no a in font nullfont!
Missing character: There is no r in font nullfont!
Missing character: There is no t in font nullfont!
Missing character: There is no i in font nullfont!
Missing character: There is no c in font nullfont!
Missing character: There is no l in font nullfont!
Missing character: There is no e in font nullfont!
Missing character: There is no p in font nullfont!
Missing character: There is no a in font nullfont!
Missing character: There is no d in font nullfont!
Missing character: There is no m in font nullfont!
Missing character: There is no a in font nullfont!
Missing character: There is no n in font nullfont!
Missing character: There is no a in font nullfont!
Missing character: There is no b in font nullfont!
Missing character: There is no a in font nullfont!
Missing character: There is no n in font nullfont!
! Missing $ inserted.
<inserted text> 
                $
l.183 @article{padmanaban_
                          what_2018,
I've inserted a begin-math/end-math symbol since I think
you left one out. Proceed, with fingers crossed.

! Extra }, or forgotten $.
l.189 }
       
I've deleted a group-closing symbol because it seems to be
spurious, as in `$x}$'. But perhaps the } is legitimate and
you forgot something else, as in `\hbox{$x}'. In such cases
the way to recover is to insert both the forgotten and the
deleted material, e.g., by typing `I$}'.

! Missing $ inserted.
<inserted text> 
                $
l.190 
      
I've inserted a begin-math/end-math symbol since I think
you left one out. Proceed, with fingers crossed.


Overfull \hbox (94.12228pt too wide) in paragraph at lines 183--190
[]$[]\OML/cmm/m/it/10 hat[]\OT1/cmr/m/n/10 018\OML/cmm/m/it/10 ; title \OT1/cmr
/m/n/10 =
 []


Overfull \hbox (400.39006pt too wide) in paragraph at lines 183--190
[]\OML/cmm/m/it/10 ; rights \OT1/cmr/m/n/10 =
 []


Overfull \hbox (94.01538pt too wide) in paragraph at lines 183--190
[]\OML/cmm/m/it/10 ; journaltitle \OT1/cmr/m/n/10 =
 []


Overfull \hbox (101.5784pt too wide) in paragraph at lines 183--190
[]\OML/cmm/m/it/10 ; author \OT1/cmr/m/n/10 =
 []


Overfull \hbox (345.84229pt too wide) in paragraph at lines 183--190
[]\OML/cmm/m/it/10 ; date \OT1/cmr/m/n/10 =
 []


Overfull \hbox (20.00006pt too wide) in paragraph at lines 183--190
[]$ 
 []


! LaTeX Error: Missing \begin{document}.

See the LaTeX manual or LaTeX Companion for explanation.
Type  H <return>  for immediate help.
 ...                                              
                                                  
l.191 @
       report{kriegler_transformations_2018,
You're in trouble here.  Try typing  <return>  to proceed.
If that doesn't work, type  X <return>  to quit.

Missing character: There is no @ in font nullfont!
Missing character: There is no r in font nullfont!
Missing character: There is no e in font nullfont!
Missing character: There is no p in font nullfont!
Missing character: There is no o in font nullfont!
Missing character: There is no r in font nullfont!
Missing character: There is no t in font nullfont!
Missing character: There is no k in font nullfont!
Missing character: There is no r in font nullfont!
Missing character: There is no i in font nullfont!
Missing character: There is no e in font nullfont!
Missing character: There is no g in font nullfont!
Missing character: There is no l in font nullfont!
Missing character: There is no e in font nullfont!
Missing character: There is no r in font nullfont!
! Missing $ inserted.
<inserted text> 
                $
l.191 @report{kriegler_
                       transformations_2018,
I've inserted a begin-math/end-math symbol since I think
you left one out. Proceed, with fingers crossed.

! Extra }, or forgotten $.
l.201 }
       
I've deleted a group-closing symbol because it seems to be
spurious, as in `$x}$'. But perhaps the } is legitimate and
you forgot something else, as in `\hbox{$x}'. In such cases
the way to recover is to insert both the forgotten and the
deleted material, e.g., by typing `I$}'.

! Missing $ inserted.
<inserted text> 
                $
l.202 
      
I've inserted a begin-math/end-math symbol since I think
you left one out. Proceed, with fingers crossed.

Missing character: There is no ö in font cmmi10!
Missing character: There is no ä in font cmmi10!
Missing character: There is no ä in font cmmi10!

Overfull \hbox (166.58733pt too wide) in paragraph at lines 191--202
[]$[]\OML/cmm/m/it/10 ransformations[]\OT1/cmr/m/n/10 018\OML/cmm/m/it/10 ; loc
ation \OT1/cmr/m/n/10 =
 []


Overfull \hbox (121.39154pt too wide) in paragraph at lines 191--202
[]\OML/cmm/m/it/10 ; title \OT1/cmr/m/n/10 =
 []


Overfull \hbox (304.92787pt too wide) in paragraph at lines 191--202
[]\OML/cmm/m/it/10 ; url \OT1/cmr/m/n/10 =
 []


Overfull \hbox (175.33249pt too wide) in paragraph at lines 191--202
[]\OML/cmm/m/it/10 ; pages \OT1/cmr/m/n/10 =
 []


Overfull \hbox (48.5602pt too wide) in paragraph at lines 191--202
[]\OML/cmm/m/it/10 ; type \OT1/cmr/m/n/10 =
 []


Overfull \hbox (351.08472pt too wide) in paragraph at lines 191--202
[]\OML/cmm/m/it/10 ; institution \OT1/cmr/m/n/10 =
 []


Overfull \hbox (315.39796pt too wide) in paragraph at lines 191--202
[]\OML/cmm/m/it/10 ; author \OT1/cmr/m/n/10 =
 []


Overfull \hbox (4421.08586pt too wide) in paragraph at lines 191--202
[]\OML/cmm/m/it/10 ; date \OT1/cmr/m/n/10 =
 []


Overfull \hbox (52.25421pt too wide) in paragraph at lines 191--202
[]\OML/cmm/m/it/10 ; file \OT1/cmr/m/n/10 =
 []


Overfull \hbox (1019.18027pt too wide) in paragraph at lines 191--202
[]$ 
 []


! LaTeX Error: Missing \begin{document}.

See the LaTeX manual or LaTeX Companion for explanation.
Type  H <return>  for immediate help.
 ...                                              
                                                  
l.203 @
       inproceedings{otto_social_2018,
You're in trouble here.  Try typing  <return>  to proceed.
If that doesn't work, type  X <return>  to quit.

Missing character: There is no @ in font nullfont!
Missing character: There is no i in font nullfont!
Missing character: There is no n in font nullfont!
Missing character: There is no p in font nullfont!
Missing character: There is no r in font nullfont!
Missing character: There is no o in font nullfont!
Missing character: There is no c in font nullfont!
Missing character: There is no e in font nullfont!
Missing character: There is no e in font nullfont!
Missing character: There is no d in font nullfont!
Missing character: There is no i in font nullfont!
Missing character: There is no n in font nullfont!
Missing character: There is no g in font nullfont!
Missing character: There is no s in font nullfont!
Missing character: There is no o in font nullfont!
Missing character: There is no t in font nullfont!
Missing character: There is no t in font nullfont!
Missing character: There is no o in font nullfont!
! Missing $ inserted.
<inserted text> 
                $
l.203 @inproceedings{otto_
                          social_2018,
I've inserted a begin-math/end-math symbol since I think
you left one out. Proceed, with fingers crossed.

! Extra }, or forgotten $.
l.215 }
       
I've deleted a group-closing symbol because it seems to be
spurious, as in `$x}$'. But perhaps the } is legitimate and
you forgot something else, as in `\hbox{$x}'. In such cases
the way to recover is to insert both the forgotten and the
deleted material, e.g., by typing `I$}'.

! Missing $ inserted.
<inserted text> 
                $
l.216 
      
I've inserted a begin-math/end-math symbol since I think
you left one out. Proceed, with fingers crossed.

Missing character: There is no ö in font cmmi10!

Overfull \hbox (115.1971pt too wide) in paragraph at lines 203--216
[]$[]\OML/cmm/m/it/10 ocial[]\OT1/cmr/m/n/10 018\OML/cmm/m/it/10 ; location \OT
1/cmr/m/n/10 =
 []


Overfull \hbox (106.43967pt too wide) in paragraph at lines 203--216
[]\OML/cmm/m/it/10 ; title \OT1/cmr/m/n/10 =
 []


Overfull \hbox (323.18542pt too wide) in paragraph at lines 203--216
[]\OML/cmm/m/it/10 ; volume \OT1/cmr/m/n/10 =
 []


Overfull \hbox (52.42311pt too wide) in paragraph at lines 203--216
[]\OML/cmm/m/it/10 ; rights \OT1/cmr/m/n/10 =
 []


Overfull \hbox (121.72723pt too wide) in paragraph at lines 203--216
[]\OML/cmm/m/it/10 ; eventtitle \OT1/cmr/m/n/10 =
 []


Overfull \hbox (245.93417pt too wide) in paragraph at lines 203--216
[]\OML/cmm/m/it/10 ; pages \OT1/cmr/m/n/10 =
 []


Overfull \hbox (141.74998pt too wide) in paragraph at lines 203--216
[]\OML/cmm/m/it/10 ; booktitle \OT1/cmr/m/n/10 =
 []


Overfull \hbox (195.54118pt too wide) in paragraph at lines 203--216
[]\OML/cmm/m/it/10 ; publisher \OT1/cmr/m/n/10 =
 []


Overfull \hbox (171.68613pt too wide) in paragraph at lines 203--216
[]\OML/cmm/m/it/10 ; author \OT1/cmr/m/n/10 =
 []


Overfull \hbox (790.52501pt too wide) in paragraph at lines 203--216
[]\OML/cmm/m/it/10 ; date \OT1/cmr/m/n/10 =
 []


Overfull \hbox (52.25421pt too wide) in paragraph at lines 203--216
[]\OML/cmm/m/it/10 ; file \OT1/cmr/m/n/10 =
 []


Overfull \hbox (965.88254pt too wide) in paragraph at lines 203--216
[]$ 
 []


! LaTeX Error: Missing \begin{document}.

See the LaTeX manual or LaTeX Companion for explanation.
Type  H <return>  for immediate help.
 ...                                              
                                                  
l.217 @
       inproceedings{bhowmik_person_2018,
You're in trouble here.  Try typing  <return>  to proceed.
If that doesn't work, type  X <return>  to quit.

Missing character: There is no @ in font nullfont!
Missing character: There is no i in font nullfont!
Missing character: There is no n in font nullfont!
Missing character: There is no p in font nullfont!
Missing character: There is no r in font nullfont!
Missing character: There is no o in font nullfont!
Missing character: There is no c in font nullfont!
Missing character: There is no e in font nullfont!
Missing character: There is no e in font nullfont!
Missing character: There is no d in font nullfont!
Missing character: There is no i in font nullfont!
Missing character: There is no n in font nullfont!
Missing character: There is no g in font nullfont!
Missing character: There is no s in font nullfont!
Missing character: There is no b in font nullfont!
Missing character: There is no h in font nullfont!
Missing character: There is no o in font nullfont!
Missing character: There is no w in font nullfont!
Missing character: There is no m in font nullfont!
Missing character: There is no i in font nullfont!
Missing character: There is no k in font nullfont!
! Missing $ inserted.
<inserted text> 
                $
l.217 @inproceedings{bhowmik_
                             person_2018,
I've inserted a begin-math/end-math symbol since I think
you left one out. Proceed, with fingers crossed.

! Extra }, or forgotten $.
l.229 }
       
I've deleted a group-closing symbol because it seems to be
spurious, as in `$x}$'. But perhaps the } is legitimate and
you forgot something else, as in `\hbox{$x}'. In such cases
the way to recover is to insert both the forgotten and the
deleted material, e.g., by typing `I$}'.

! Missing $ inserted.
<inserted text> 
                $
l.230 
      
I've inserted a begin-math/end-math symbol since I think
you left one out. Proceed, with fingers crossed.


Overfull \hbox (119.63823pt too wide) in paragraph at lines 217--230
[]$[]\OML/cmm/m/it/10 erson[]\OT1/cmr/m/n/10 018\OML/cmm/m/it/10 ; location \OT
1/cmr/m/n/10 =
 []


Overfull \hbox (106.43967pt too wide) in paragraph at lines 217--230
[]\OML/cmm/m/it/10 ; title \OT1/cmr/m/n/10 =
 []


Overfull \hbox (487.51152pt too wide) in paragraph at lines 217--230
[]\OML/cmm/m/it/10 ; volume \OT1/cmr/m/n/10 =
 []


Overfull \hbox (52.42311pt too wide) in paragraph at lines 217--230
[]\OML/cmm/m/it/10 ; rights \OT1/cmr/m/n/10 =
 []


Overfull \hbox (121.72723pt too wide) in paragraph at lines 217--230
[]\OML/cmm/m/it/10 ; eventtitle \OT1/cmr/m/n/10 =
 []


Overfull \hbox (245.93417pt too wide) in paragraph at lines 217--230
[]\OML/cmm/m/it/10 ; pages \OT1/cmr/m/n/10 =
 []


Overfull \hbox (141.74998pt too wide) in paragraph at lines 217--230
[]\OML/cmm/m/it/10 ; booktitle \OT1/cmr/m/n/10 =
 []


Overfull \hbox (195.54118pt too wide) in paragraph at lines 217--230
[]\OML/cmm/m/it/10 ; publisher \OT1/cmr/m/n/10 =
 []


Overfull \hbox (171.68613pt too wide) in paragraph at lines 217--230
[]\OML/cmm/m/it/10 ; author \OT1/cmr/m/n/10 =
 []


Overfull \hbox (201.58209pt too wide) in paragraph at lines 217--230
[]\OML/cmm/m/it/10 ; date \OT1/cmr/m/n/10 =
 []


Overfull \hbox (52.25421pt too wide) in paragraph at lines 217--230
[]\OML/cmm/m/it/10 ; file \OT1/cmr/m/n/10 =
 []


Overfull \hbox (1089.70013pt too wide) in paragraph at lines 217--230
[]$ 
 []


! LaTeX Error: Missing \begin{document}.

See the LaTeX manual or LaTeX Companion for explanation.
Type  H <return>  for immediate help.
 ...                                              
                                                  
l.231 @
       inproceedings{bhowmik_exponential_2018,
You're in trouble here.  Try typing  <return>  to proceed.
If that doesn't work, type  X <return>  to quit.

Missing character: There is no @ in font nullfont!
Missing character: There is no i in font nullfont!
Missing character: There is no n in font nullfont!
Missing character: There is no p in font nullfont!
Missing character: There is no r in font nullfont!
Missing character: There is no o in font nullfont!
Missing character: There is no c in font nullfont!
Missing character: There is no e in font nullfont!
Missing character: There is no e in font nullfont!
Missing character: There is no d in font nullfont!
Missing character: There is no i in font nullfont!
Missing character: There is no n in font nullfont!
Missing character: There is no g in font nullfont!
Missing character: There is no s in font nullfont!
Missing character: There is no b in font nullfont!
Missing character: There is no h in font nullfont!
Missing character: There is no o in font nullfont!
Missing character: There is no w in font nullfont!
Missing character: There is no m in font nullfont!
Missing character: There is no i in font nullfont!
Missing character: There is no k in font nullfont!
! Missing $ inserted.
<inserted text> 
                $
l.231 @inproceedings{bhowmik_
                             exponential_2018,
I've inserted a begin-math/end-math symbol since I think
you left one out. Proceed, with fingers crossed.

! Extra }, or forgotten $.
l.238 }
       
I've deleted a group-closing symbol because it seems to be
spurious, as in `$x}$'. But perhaps the } is legitimate and
you forgot something else, as in `\hbox{$x}'. In such cases
the way to recover is to insert both the forgotten and the
deleted material, e.g., by typing `I$}'.

! Missing $ inserted.
<inserted text> 
                $
l.239 
      
I've inserted a begin-math/end-math symbol since I think
you left one out. Proceed, with fingers crossed.


Overfull \hbox (141.90793pt too wide) in paragraph at lines 231--239
[]$[]\OML/cmm/m/it/10 xponential[]\OT1/cmr/m/n/10 018\OML/cmm/m/it/10 ; locatio
n \OT1/cmr/m/n/10 =
 []


Overfull \hbox (120.18942pt too wide) in paragraph at lines 231--239
[]\OML/cmm/m/it/10 ; title \OT1/cmr/m/n/10 =
 []


Overfull \hbox (249.28969pt too wide) in paragraph at lines 231--239
[]\OML/cmm/m/it/10 ; rights \OT1/cmr/m/n/10 =
 []


Overfull \hbox (84.58194pt too wide) in paragraph at lines 231--239
[]\OML/cmm/m/it/10 ; booktitle \OT1/cmr/m/n/10 =
 []


Overfull \hbox (433.28914pt too wide) in paragraph at lines 231--239
[]\OML/cmm/m/it/10 ; author \OT1/cmr/m/n/10 =
 []


Overfull \hbox (103.7808pt too wide) in paragraph at lines 231--239
[]\OML/cmm/m/it/10 ; date \OT1/cmr/m/n/10 =
 []


Overfull \hbox (42.22223pt too wide) in paragraph at lines 231--239
[]$ 
 []


! LaTeX Error: Missing \begin{document}.

See the LaTeX manual or LaTeX Companion for explanation.
Type  H <return>  for immediate help.
 ...                                              
                                                  
l.240 @
       inproceedings{bhowmik_multi_2018,
You're in trouble here.  Try typing  <return>  to proceed.
If that doesn't work, type  X <return>  to quit.

Missing character: There is no @ in font nullfont!
Missing character: There is no i in font nullfont!
Missing character: There is no n in font nullfont!
Missing character: There is no p in font nullfont!
Missing character: There is no r in font nullfont!
Missing character: There is no o in font nullfont!
Missing character: There is no c in font nullfont!
Missing character: There is no e in font nullfont!
Missing character: There is no e in font nullfont!
Missing character: There is no d in font nullfont!
Missing character: There is no i in font nullfont!
Missing character: There is no n in font nullfont!
Missing character: There is no g in font nullfont!
Missing character: There is no s in font nullfont!
Missing character: There is no b in font nullfont!
Missing character: There is no h in font nullfont!
Missing character: There is no o in font nullfont!
Missing character: There is no w in font nullfont!
Missing character: There is no m in font nullfont!
Missing character: There is no i in font nullfont!
Missing character: There is no k in font nullfont!
! Missing $ inserted.
<inserted text> 
                $
l.240 @inproceedings{bhowmik_
                             multi_2018,
I've inserted a begin-math/end-math symbol since I think
you left one out. Proceed, with fingers crossed.

! Extra }, or forgotten $.
l.247 }
       
I've deleted a group-closing symbol because it seems to be
spurious, as in `$x}$'. But perhaps the } is legitimate and
you forgot something else, as in `\hbox{$x}'. In such cases
the way to recover is to insert both the forgotten and the
deleted material, e.g., by typing `I$}'.

! Missing $ inserted.
<inserted text> 
                $
l.248 
      
I've inserted a begin-math/end-math symbol since I think
you left one out. Proceed, with fingers crossed.


Overfull \hbox (113.59068pt too wide) in paragraph at lines 240--248
[]$[]\OML/cmm/m/it/10 ulti[]\OT1/cmr/m/n/10 018\OML/cmm/m/it/10 ; location \OT1
/cmr/m/n/10 =
 []


Overfull \hbox (106.43967pt too wide) in paragraph at lines 240--248
[]\OML/cmm/m/it/10 ; title \OT1/cmr/m/n/10 =
 []


Overfull \hbox (250.24562pt too wide) in paragraph at lines 240--248
[]\OML/cmm/m/it/10 ; rights \OT1/cmr/m/n/10 =
 []


Overfull \hbox (84.58194pt too wide) in paragraph at lines 240--248
[]\OML/cmm/m/it/10 ; booktitle \OT1/cmr/m/n/10 =
 []


Overfull \hbox (672.52121pt too wide) in paragraph at lines 240--248
[]\OML/cmm/m/it/10 ; author \OT1/cmr/m/n/10 =
 []


Overfull \hbox (103.7808pt too wide) in paragraph at lines 240--248
[]\OML/cmm/m/it/10 ; date \OT1/cmr/m/n/10 =
 []


Overfull \hbox (20.00006pt too wide) in paragraph at lines 240--248
[]$ 
 []


! LaTeX Error: Missing \begin{document}.

See the LaTeX manual or LaTeX Companion for explanation.
Type  H <return>  for immediate help.
 ...                                              
                                                  
l.249 @
       inproceedings{bhowmik_social_2018,
You're in trouble here.  Try typing  <return>  to proceed.
If that doesn't work, type  X <return>  to quit.

Missing character: There is no @ in font nullfont!
Missing character: There is no i in font nullfont!
Missing character: There is no n in font nullfont!
Missing character: There is no p in font nullfont!
Missing character: There is no r in font nullfont!
Missing character: There is no o in font nullfont!
Missing character: There is no c in font nullfont!
Missing character: There is no e in font nullfont!
Missing character: There is no e in font nullfont!
Missing character: There is no d in font nullfont!
Missing character: There is no i in font nullfont!
Missing character: There is no n in font nullfont!
Missing character: There is no g in font nullfont!
Missing character: There is no s in font nullfont!
Missing character: There is no b in font nullfont!
Missing character: There is no h in font nullfont!
Missing character: There is no o in font nullfont!
Missing character: There is no w in font nullfont!
Missing character: There is no m in font nullfont!
Missing character: There is no i in font nullfont!
Missing character: There is no k in font nullfont!
! Missing $ inserted.
<inserted text> 
                $
l.249 @inproceedings{bhowmik_
                             social_2018,
I've inserted a begin-math/end-math symbol since I think
you left one out. Proceed, with fingers crossed.

! Extra }, or forgotten $.
l.256 }
       
I've deleted a group-closing symbol because it seems to be
spurious, as in `$x}$'. But perhaps the } is legitimate and
you forgot something else, as in `\hbox{$x}'. In such cases
the way to recover is to insert both the forgotten and the
deleted material, e.g., by typing `I$}'.

! Missing $ inserted.
<inserted text> 
                $
l.257 
      
I've inserted a begin-math/end-math symbol since I think
you left one out. Proceed, with fingers crossed.


Overfull \hbox (115.1971pt too wide) in paragraph at lines 249--257
[]$[]\OML/cmm/m/it/10 ocial[]\OT1/cmr/m/n/10 018\OML/cmm/m/it/10 ; location \OT
1/cmr/m/n/10 =
 []


Overfull \hbox (120.18942pt too wide) in paragraph at lines 249--257
[]\OML/cmm/m/it/10 ; title \OT1/cmr/m/n/10 =
 []


Overfull \hbox (364.01616pt too wide) in paragraph at lines 249--257
[]\OML/cmm/m/it/10 ; rights \OT1/cmr/m/n/10 =
 []


Overfull \hbox (84.58194pt too wide) in paragraph at lines 249--257
[]\OML/cmm/m/it/10 ; booktitle \OT1/cmr/m/n/10 =
 []


Overfull \hbox (323.0545pt too wide) in paragraph at lines 249--257
[]\OML/cmm/m/it/10 ; author \OT1/cmr/m/n/10 =
 []


Overfull \hbox (103.7808pt too wide) in paragraph at lines 249--257
[]\OML/cmm/m/it/10 ; date \OT1/cmr/m/n/10 =
 []


Overfull \hbox (42.22223pt too wide) in paragraph at lines 249--257
[]$ 
 []


! LaTeX Error: Missing \begin{document}.

See the LaTeX manual or LaTeX Companion for explanation.
Type  H <return>  for immediate help.
 ...                                              
                                                  
l.258 @
       report{schlosser_incremental_2018,
You're in trouble here.  Try typing  <return>  to proceed.
If that doesn't work, type  X <return>  to quit.

Missing character: There is no @ in font nullfont!
Missing character: There is no r in font nullfont!
Missing character: There is no e in font nullfont!
Missing character: There is no p in font nullfont!
Missing character: There is no o in font nullfont!
Missing character: There is no r in font nullfont!
Missing character: There is no t in font nullfont!
Missing character: There is no s in font nullfont!
Missing character: There is no c in font nullfont!
Missing character: There is no h in font nullfont!
Missing character: There is no l in font nullfont!
Missing character: There is no o in font nullfont!
Missing character: There is no s in font nullfont!
Missing character: There is no s in font nullfont!
Missing character: There is no e in font nullfont!
Missing character: There is no r in font nullfont!
! Missing $ inserted.
<inserted text> 
                $
l.258 @report{schlosser_
                        incremental_2018,
I've inserted a begin-math/end-math symbol since I think
you left one out. Proceed, with fingers crossed.

! Extra }, or forgotten $.
l.269 }
       
I've deleted a group-closing symbol because it seems to be
spurious, as in `$x}$'. But perhaps the } is legitimate and
you forgot something else, as in `\hbox{$x}'. In such cases
the way to recover is to insert both the forgotten and the
deleted material, e.g., by typing `I$}'.

! Missing $ inserted.
<inserted text> 
                $
l.270 
      
I've inserted a begin-math/end-math symbol since I think
you left one out. Proceed, with fingers crossed.


Overfull \hbox (144.45755pt too wide) in paragraph at lines 258--270
[]$[]\OML/cmm/m/it/10 ncremental[]\OT1/cmr/m/n/10 018\OML/cmm/m/it/10 ; locatio
n \OT1/cmr/m/n/10 =
 []


Overfull \hbox (77.89883pt too wide) in paragraph at lines 258--270
[]\OML/cmm/m/it/10 ; title \OT1/cmr/m/n/10 =
 []


Overfull \hbox (650.8548pt too wide) in paragraph at lines 258--270
[]\OML/cmm/m/it/10 ; rights \OT1/cmr/m/n/10 =
 []


Overfull \hbox (78.61461pt too wide) in paragraph at lines 258--270
[]\OML/cmm/m/it/10 ; abstract \OT1/cmr/m/n/10 =
 []


Overfull \hbox (2469.15518pt too wide) in paragraph at lines 258--270
[]\OML/cmm/m/it/10 ; pages \OT1/cmr/m/n/10 =
 []


Overfull \hbox (73.4327pt too wide) in paragraph at lines 258--270
[]\OML/cmm/m/it/10 ; institution \OT1/cmr/m/n/10 =
 []


Overfull \hbox (216.0297pt too wide) in paragraph at lines 258--270
[]\OML/cmm/m/it/10 ; type \OT1/cmr/m/n/10 =
 []


Overfull \hbox (397.53532pt too wide) in paragraph at lines 258--270
[]\OML/cmm/m/it/10 ; author \OT1/cmr/m/n/10 =
 []


Overfull \hbox (1669.21439pt too wide) in paragraph at lines 258--270
[]\OML/cmm/m/it/10 ; date \OT1/cmr/m/n/10 =
 []


Overfull \hbox (52.25421pt too wide) in paragraph at lines 258--270
[]\OML/cmm/m/it/10 ; file \OT1/cmr/m/n/10 =
 []


Overfull \hbox (1011.72127pt too wide) in paragraph at lines 258--270
[]$ 
 []


! LaTeX Error: Missing \begin{document}.

See the LaTeX manual or LaTeX Companion for explanation.
Type  H <return>  for immediate help.
 ...                                              
                                                  
l.271 @
       article{padmanaban_remote_2017,
You're in trouble here.  Try typing  <return>  to proceed.
If that doesn't work, type  X <return>  to quit.

Missing character: There is no @ in font nullfont!
Missing character: There is no a in font nullfont!
Missing character: There is no r in font nullfont!
Missing character: There is no t in font nullfont!
Missing character: There is no i in font nullfont!
Missing character: There is no c in font nullfont!
Missing character: There is no l in font nullfont!
Missing character: There is no e in font nullfont!
Missing character: There is no p in font nullfont!
Missing character: There is no a in font nullfont!
Missing character: There is no d in font nullfont!
Missing character: There is no m in font nullfont!
Missing character: There is no a in font nullfont!
Missing character: There is no n in font nullfont!
Missing character: There is no a in font nullfont!
Missing character: There is no b in font nullfont!
Missing character: There is no a in font nullfont!
Missing character: There is no n in font nullfont!
! Missing $ inserted.
<inserted text> 
                $
l.271 @article{padmanaban_
                          remote_2017,
I've inserted a begin-math/end-math symbol since I think
you left one out. Proceed, with fingers crossed.

! Extra }, or forgotten $.
l.283 }
       
I've deleted a group-closing symbol because it seems to be
spurious, as in `$x}$'. But perhaps the } is legitimate and
you forgot something else, as in `\hbox{$x}'. In such cases
the way to recover is to insert both the forgotten and the
deleted material, e.g., by typing `I$}'.

! Missing $ inserted.
<inserted text> 
                $
l.284 
      
I've inserted a begin-math/end-math symbol since I think
you left one out. Proceed, with fingers crossed.


Overfull \hbox (103.96956pt too wide) in paragraph at lines 271--284
[]$[]\OML/cmm/m/it/10 emote[]\OT1/cmr/m/n/10 017\OML/cmm/m/it/10 ; title \OT1/c
mr/m/n/10 =
 []


Overfull \hbox (408.52298pt too wide) in paragraph at lines 271--284
[]\OML/cmm/m/it/10 ; volume \OT1/cmr/m/n/10 =
 []


Overfull \hbox (38.82242pt too wide) in paragraph at lines 271--284
\OT1/cmr/m/n/10 6\OML/cmm/m/it/10 ; issn \OT1/cmr/m/n/10 =
 []


Overfull \hbox (80.7194pt too wide) in paragraph at lines 271--284
[]\OML/cmm/m/it/10 ; doi \OT1/cmr/m/n/10 =
 []


Overfull \hbox (140.37723pt too wide) in paragraph at lines 271--284
[]\OML/cmm/m/it/10 ; abstract \OT1/cmr/m/n/10 =
 []


Overfull \hbox (7395.54929pt too wide) in paragraph at lines 271--284
[]\OML/cmm/m/it/10 ; number \OT1/cmr/m/n/10 =
 []


Overfull \hbox (78.02463pt too wide) in paragraph at lines 271--284
[]\OML/cmm/m/it/10 ; journaltitle \OT1/cmr/m/n/10 =
 []


Overfull \hbox (276.50433pt too wide) in paragraph at lines 271--284
[]\OML/cmm/m/it/10 ; author \OT1/cmr/m/n/10 =
 []


Overfull \hbox (326.68091pt too wide) in paragraph at lines 271--284
[]\OML/cmm/m/it/10 ; date \OT1/cmr/m/n/10 =
 []


Overfull \hbox (77.3959pt too wide) in paragraph at lines 271--284
[]\OML/cmm/m/it/10 ; keywords \OT1/cmr/m/n/10 =
 []


Overfull \hbox (763.57715pt too wide) in paragraph at lines 271--284
[]\OML/cmm/m/it/10 ; file \OT1/cmr/m/n/10 =
 []


Overfull \hbox (1071.60599pt too wide) in paragraph at lines 271--284
[]$ 
 []


! LaTeX Error: Missing \begin{document}.

See the LaTeX manual or LaTeX Companion for explanation.
Type  H <return>  for immediate help.
 ...                                              
                                                  
l.285 @
       article{bhowmik_temporal_2013,
You're in trouble here.  Try typing  <return>  to proceed.
If that doesn't work, type  X <return>  to quit.

Missing character: There is no @ in font nullfont!
Missing character: There is no a in font nullfont!
Missing character: There is no r in font nullfont!
Missing character: There is no t in font nullfont!
Missing character: There is no i in font nullfont!
Missing character: There is no c in font nullfont!
Missing character: There is no l in font nullfont!
Missing character: There is no e in font nullfont!
Missing character: There is no b in font nullfont!
Missing character: There is no h in font nullfont!
Missing character: There is no o in font nullfont!
Missing character: There is no w in font nullfont!
Missing character: There is no m in font nullfont!
Missing character: There is no i in font nullfont!
Missing character: There is no k in font nullfont!
! Missing $ inserted.
<inserted text> 
                $
l.285 @article{bhowmik_
                       temporal_2013,
I've inserted a begin-math/end-math symbol since I think
you left one out. Proceed, with fingers crossed.

! Extra }, or forgotten $.
l.298 }
       
I've deleted a group-closing symbol because it seems to be
spurious, as in `$x}$'. But perhaps the } is legitimate and
you forgot something else, as in `\hbox{$x}'. In such cases
the way to recover is to insert both the forgotten and the
deleted material, e.g., by typing `I$}'.

! Missing $ inserted.
<inserted text> 
                $
l.299 
      
I've inserted a begin-math/end-math symbol since I think
you left one out. Proceed, with fingers crossed.


Overfull \hbox (112.88507pt too wide) in paragraph at lines 285--299
[]$[]\OML/cmm/m/it/10 emporal[]\OT1/cmr/m/n/10 013\OML/cmm/m/it/10 ; title \OT1
/cmr/m/n/10 =
 []


Overfull \hbox (603.26439pt too wide) in paragraph at lines 285--299
[]\OML/cmm/m/it/10 ; volume \OT1/cmr/m/n/10 =
 []


Overfull \hbox (62.42314pt too wide) in paragraph at lines 285--299
[]\OML/cmm/m/it/10 ; rights \OT1/cmr/m/n/10 =
 []


Overfull \hbox (60.31227pt too wide) in paragraph at lines 285--299
[]\OML/cmm/m/it/10 ; issn \OT1/cmr/m/n/10 =
 []


Overfull \hbox (80.9167pt too wide) in paragraph at lines 285--299
[]\OML/cmm/m/it/10 ; url \OT1/cmr/m/n/10 =
 []


Overfull \hbox (335.92941pt too wide) in paragraph at lines 285--299
[]\OML/cmm/m/it/10 ; doi \OT1/cmr/m/n/10 =
 []


Overfull \hbox (132.56735pt too wide) in paragraph at lines 285--299
[]\OML/cmm/m/it/10 ; pages \OT1/cmr/m/n/10 =
 []


Overfull \hbox (103.02458pt too wide) in paragraph at lines 285--299
[]\OML/cmm/m/it/10 ; journaltitle \OT1/cmr/m/n/10 =
 []


Overfull \hbox (169.95175pt too wide) in paragraph at lines 285--299
[]\OML/cmm/m/it/10 ; author \OT1/cmr/m/n/10 =
 []


Overfull \hbox (149.31754pt too wide) in paragraph at lines 285--299
[]\OML/cmm/m/it/10 ; urldate \OT1/cmr/m/n/10 =
 []


Overfull \hbox (98.20245pt too wide) in paragraph at lines 285--299
[]\OML/cmm/m/it/10 ; date \OT1/cmr/m/n/10 =
 []


Overfull \hbox (77.3959pt too wide) in paragraph at lines 285--299
[]\OML/cmm/m/it/10 ; keywords \OT1/cmr/m/n/10 =
 []


Overfull \hbox (439.46866pt too wide) in paragraph at lines 285--299
[]$ 
 []


! LaTeX Error: Missing \begin{document}.

See the LaTeX manual or LaTeX Companion for explanation.
Type  H <return>  for immediate help.
 ...                                              
                                                  
l.300 @
       article{bhowmik_industries_2013,
You're in trouble here.  Try typing  <return>  to proceed.
If that doesn't work, type  X <return>  to quit.

Missing character: There is no @ in font nullfont!
Missing character: There is no a in font nullfont!
Missing character: There is no r in font nullfont!
Missing character: There is no t in font nullfont!
Missing character: There is no i in font nullfont!
Missing character: There is no c in font nullfont!
Missing character: There is no l in font nullfont!
Missing character: There is no e in font nullfont!
Missing character: There is no b in font nullfont!
Missing character: There is no h in font nullfont!
Missing character: There is no o in font nullfont!
Missing character: There is no w in font nullfont!
Missing character: There is no m in font nullfont!
Missing character: There is no i in font nullfont!
Missing character: There is no k in font nullfont!
! Missing $ inserted.
<inserted text> 
                $
l.300 @article{bhowmik_
                       industries_2013,
I've inserted a begin-math/end-math symbol since I think
you left one out. Proceed, with fingers crossed.

! Extra }, or forgotten $.
l.319 }
       
I've deleted a group-closing symbol because it seems to be
spurious, as in `$x}$'. But perhaps the } is legitimate and
you forgot something else, as in `\hbox{$x}'. In such cases
the way to recover is to insert both the forgotten and the
deleted material, e.g., by typing `I$}'.

! Missing $ inserted.
<inserted text> 
                $
l.320 
      
I've inserted a begin-math/end-math symbol since I think
you left one out. Proceed, with fingers crossed.

Missing character: There is no ’ in font cmr10!
Missing character: There is no ’ in font cmr10!
Missing character: There is no ’ in font cmr10!
Missing character: There is no — in font cmr10!
Missing character: There is no ’ in font cmr10!
Missing character: There is no ’ in font cmr10!
Missing character: There is no ’ in font cmr10!
Missing character: There is no ’ in font cmr10!
Missing character: There is no ’ in font cmr10!

Overfull \hbox (119.12825pt too wide) in paragraph at lines 300--320
[]$[]\OML/cmm/m/it/10 ndustries[]\OT1/cmr/m/n/10 013\OML/cmm/m/it/10 ; title \O
T1/cmr/m/n/10 =
 []


Overfull \hbox (696.02225pt too wide) in paragraph at lines 300--320
[]\OML/cmm/m/it/10 ; volume \OT1/cmr/m/n/10 =
 []


Overfull \hbox (47.4231pt too wide) in paragraph at lines 300--320
\OT1/cmr/m/n/10 4\OML/cmm/m/it/10 ; rights \OT1/cmr/m/n/10 =
 []


Overfull \hbox (60.31227pt too wide) in paragraph at lines 300--320
[]\OML/cmm/m/it/10 ; issn \OT1/cmr/m/n/10 =
 []


Overfull \hbox (137.58337pt too wide) in paragraph at lines 300--320
[]\OML/cmm/m/it/10 ; url \OT1/cmr/m/n/10 =
 []


Overfull \hbox (211.88638pt too wide) in paragraph at lines 300--320
[]\OML/cmm/m/it/10 ; doi \OT1/cmr/m/n/10 =
 []


Overfull \hbox (174.97905pt too wide) in paragraph at lines 300--320
[]\OML/cmm/m/it/10 ; shorttitle \OT1/cmr/m/n/10 =
 []


Overfull \hbox (375.93391pt too wide) in paragraph at lines 300--320
[]\OML/cmm/m/it/10 ; abstract \OT1/cmr/m/n/10 =
 []


Overfull \hbox (4210.86952pt too wide) in paragraph at lines 300--320
[]\OML/cmm/m/it/10 ; pages \OT1/cmr/m/n/10 =
 []


Overfull \hbox (94.2443pt too wide) in paragraph at lines 300--320
[]\OML/cmm/m/it/10 ; number \OT1/cmr/m/n/10 =
 []


Overfull \hbox (73.02461pt too wide) in paragraph at lines 300--320
\OT1/cmr/m/n/10 1\OML/cmm/m/it/10 ; journaltitle \OT1/cmr/m/n/10 =
 []


Overfull \hbox (231.94388pt too wide) in paragraph at lines 300--320
[]\OML/cmm/m/it/10 ; shortjournal \OT1/cmr/m/n/10 =
 []


Overfull \hbox (203.74637pt too wide) in paragraph at lines 300--320
[]\OML/cmm/m/it/10 ; author \OT1/cmr/m/n/10 =
 []


Overfull \hbox (149.31754pt too wide) in paragraph at lines 300--320
[]\OML/cmm/m/it/10 ; urldate \OT1/cmr/m/n/10 =
 []


Overfull \hbox (98.20245pt too wide) in paragraph at lines 300--320
[]\OML/cmm/m/it/10 ; date \OT1/cmr/m/n/10 =
 []


Overfull \hbox (107.69159pt too wide) in paragraph at lines 300--320
[]\OML/cmm/m/it/10 ; langid \OT1/cmr/m/n/10 =
 []


Overfull \hbox (90.2577pt too wide) in paragraph at lines 300--320
[]\OML/cmm/m/it/10 ; keywords \OT1/cmr/m/n/10 =
 []


Overfull \hbox (606.83618pt too wide) in paragraph at lines 300--320
[]\OML/cmm/m/it/10 ; file \OT1/cmr/m/n/10 =
 []


Overfull \hbox (1259.07515pt too wide) in paragraph at lines 300--320
[]$ 
 []


! LaTeX Error: Missing \begin{document}.

See the LaTeX manual or LaTeX Companion for explanation.
Type  H <return>  for immediate help.
 ...                                              
                                                  
l.321 @
       inproceedings{bhowmik_damage_2011,
You're in trouble here.  Try typing  <return>  to proceed.
If that doesn't work, type  X <return>  to quit.

Missing character: There is no @ in font nullfont!
Missing character: There is no i in font nullfont!
Missing character: There is no n in font nullfont!
Missing character: There is no p in font nullfont!
Missing character: There is no r in font nullfont!
Missing character: There is no o in font nullfont!
Missing character: There is no c in font nullfont!
Missing character: There is no e in font nullfont!
Missing character: There is no e in font nullfont!
Missing character: There is no d in font nullfont!
Missing character: There is no i in font nullfont!
Missing character: There is no n in font nullfont!
Missing character: There is no g in font nullfont!
Missing character: There is no s in font nullfont!
Missing character: There is no b in font nullfont!
Missing character: There is no h in font nullfont!
Missing character: There is no o in font nullfont!
Missing character: There is no w in font nullfont!
Missing character: There is no m in font nullfont!
Missing character: There is no i in font nullfont!
Missing character: There is no k in font nullfont!
! Missing $ inserted.
<inserted text> 
                $
l.321 @inproceedings{bhowmik_
                             damage_2011,
I've inserted a begin-math/end-math symbol since I think
you left one out. Proceed, with fingers crossed.

! Extra }, or forgotten $.
l.337 }
       
I've deleted a group-closing symbol because it seems to be
spurious, as in `$x}$'. But perhaps the } is legitimate and
you forgot something else, as in `\hbox{$x}'. In such cases
the way to recover is to insert both the forgotten and the
deleted material, e.g., by typing `I$}'.

! Missing $ inserted.
<inserted text> 
                $
l.338 
      
I've inserted a begin-math/end-math symbol since I think
you left one out. Proceed, with fingers crossed.


Overfull \hbox (123.83269pt too wide) in paragraph at lines 321--338
[]$[]\OML/cmm/m/it/10 amage[]\OT1/cmr/m/n/10 011\OML/cmm/m/it/10 ; location \OT
1/cmr/m/n/10 =
 []


Overfull \hbox (119.24799pt too wide) in paragraph at lines 321--338
[]\OML/cmm/m/it/10 ; title \OT1/cmr/m/n/10 =
 []


Overfull \hbox (562.94658pt too wide) in paragraph at lines 321--338
[]\OML/cmm/m/it/10 ; volume \OT1/cmr/m/n/10 =
 []


Overfull \hbox (47.4231pt too wide) in paragraph at lines 321--338
\OT1/cmr/m/n/10 1\OML/cmm/m/it/10 ; rights \OT1/cmr/m/n/10 =
 []


Overfull \hbox (60.99837pt too wide) in paragraph at lines 321--338
[]\OML/cmm/m/it/10 ; isbn \OT1/cmr/m/n/10 =
 []


Overfull \hbox (115.36101pt too wide) in paragraph at lines 321--338
[]\OML/cmm/m/it/10 ; url \OT1/cmr/m/n/10 =
 []


Overfull \hbox (274.9792pt too wide) in paragraph at lines 321--338
[]\OML/cmm/m/it/10 ; abstract \OT1/cmr/m/n/10 =
 []


Overfull \hbox (6825.60777pt too wide) in paragraph at lines 321--338
[]\OML/cmm/m/it/10 ; eventtitle \OT1/cmr/m/n/10 =
 []


Overfull \hbox (191.11182pt too wide) in paragraph at lines 321--338
[]\OML/cmm/m/it/10 ; booktitle \OT1/cmr/m/n/10 =
 []


Overfull \hbox (275.07104pt too wide) in paragraph at lines 321--338
[]\OML/cmm/m/it/10 ; publisher \OT1/cmr/m/n/10 =
 []


Overfull \hbox (77.35786pt too wide) in paragraph at lines 321--338
[]\OML/cmm/m/it/10 ; author \OT1/cmr/m/n/10 =
 []


Overfull \hbox (188.5707pt too wide) in paragraph at lines 321--338
[]\OML/cmm/m/it/10 ; editor \OT1/cmr/m/n/10 =
 []


Overfull \hbox (172.68977pt too wide) in paragraph at lines 321--338
[]\OML/cmm/m/it/10 ; urldate \OT1/cmr/m/n/10 =
 []


Overfull \hbox (98.20245pt too wide) in paragraph at lines 321--338
[]\OML/cmm/m/it/10 ; date \OT1/cmr/m/n/10 =
 []


Overfull \hbox (52.25421pt too wide) in paragraph at lines 321--338
[]\OML/cmm/m/it/10 ; file \OT1/cmr/m/n/10 =
 []


Overfull \hbox (1414.57808pt too wide) in paragraph at lines 321--338
[]$ 
 []


! LaTeX Error: Missing \begin{document}.

See the LaTeX manual or LaTeX Companion for explanation.
Type  H <return>  for immediate help.
 ...                                              
                                                  
l.339 @
       article{bhowmik_comparison_2012,
You're in trouble here.  Try typing  <return>  to proceed.
If that doesn't work, type  X <return>  to quit.

Missing character: There is no @ in font nullfont!
Missing character: There is no a in font nullfont!
Missing character: There is no r in font nullfont!
Missing character: There is no t in font nullfont!
Missing character: There is no i in font nullfont!
Missing character: There is no c in font nullfont!
Missing character: There is no l in font nullfont!
Missing character: There is no e in font nullfont!
Missing character: There is no b in font nullfont!
Missing character: There is no h in font nullfont!
Missing character: There is no o in font nullfont!
Missing character: There is no w in font nullfont!
Missing character: There is no m in font nullfont!
Missing character: There is no i in font nullfont!
Missing character: There is no k in font nullfont!
! Missing $ inserted.
<inserted text> 
                $
l.339 @article{bhowmik_
                       comparison_2012,
I've inserted a begin-math/end-math symbol since I think
you left one out. Proceed, with fingers crossed.

! Extra }, or forgotten $.
l.352 }
       
I've deleted a group-closing symbol because it seems to be
spurious, as in `$x}$'. But perhaps the } is legitimate and
you forgot something else, as in `\hbox{$x}'. In such cases
the way to recover is to insert both the forgotten and the
deleted material, e.g., by typing `I$}'.

! Missing $ inserted.
<inserted text> 
                $
l.353 
      
I've inserted a begin-math/end-math symbol since I think
you left one out. Proceed, with fingers crossed.


Overfull \hbox (124.78012pt too wide) in paragraph at lines 339--353
[]$[]\OML/cmm/m/it/10 omparison[]\OT1/cmr/m/n/10 012\OML/cmm/m/it/10 ; title \O
T1/cmr/m/n/10 =
 []


Overfull \hbox (414.6283pt too wide) in paragraph at lines 339--353
[]\OML/cmm/m/it/10 ; volume \OT1/cmr/m/n/10 =
 []


Overfull \hbox (62.42314pt too wide) in paragraph at lines 339--353
[]\OML/cmm/m/it/10 ; rights \OT1/cmr/m/n/10 =
 []


Overfull \hbox (60.31227pt too wide) in paragraph at lines 339--353
[]\OML/cmm/m/it/10 ; issn \OT1/cmr/m/n/10 =
 []


Overfull \hbox (80.9167pt too wide) in paragraph at lines 339--353
[]\OML/cmm/m/it/10 ; url \OT1/cmr/m/n/10 =
 []


Overfull \hbox (295.74394pt too wide) in paragraph at lines 339--353
[]\OML/cmm/m/it/10 ; doi \OT1/cmr/m/n/10 =
 []


Overfull \hbox (132.56735pt too wide) in paragraph at lines 339--353
[]\OML/cmm/m/it/10 ; pages \OT1/cmr/m/n/10 =
 []


Overfull \hbox (103.02458pt too wide) in paragraph at lines 339--353
[]\OML/cmm/m/it/10 ; journaltitle \OT1/cmr/m/n/10 =
 []


Overfull \hbox (130.32065pt too wide) in paragraph at lines 339--353
[]\OML/cmm/m/it/10 ; author \OT1/cmr/m/n/10 =
 []


Overfull \hbox (149.31754pt too wide) in paragraph at lines 339--353
[]\OML/cmm/m/it/10 ; urldate \OT1/cmr/m/n/10 =
 []


Overfull \hbox (98.20245pt too wide) in paragraph at lines 339--353
[]\OML/cmm/m/it/10 ; date \OT1/cmr/m/n/10 =
 []


Overfull \hbox (77.3959pt too wide) in paragraph at lines 339--353
[]\OML/cmm/m/it/10 ; keywords \OT1/cmr/m/n/10 =
 []


Overfull \hbox (206.76477pt too wide) in paragraph at lines 339--353
[]$ 
 []


! LaTeX Error: Missing \begin{document}.

See the LaTeX manual or LaTeX Companion for explanation.
Type  H <return>  for immediate help.
 ...                                              
                                                  
l.354 @
       article{bhowmik_automated_2015,
You're in trouble here.  Try typing  <return>  to proceed.
If that doesn't work, type  X <return>  to quit.

Missing character: There is no @ in font nullfont!
Missing character: There is no a in font nullfont!
Missing character: There is no r in font nullfont!
Missing character: There is no t in font nullfont!
Missing character: There is no i in font nullfont!
Missing character: There is no c in font nullfont!
Missing character: There is no l in font nullfont!
Missing character: There is no e in font nullfont!
Missing character: There is no b in font nullfont!
Missing character: There is no h in font nullfont!
Missing character: There is no o in font nullfont!
Missing character: There is no w in font nullfont!
Missing character: There is no m in font nullfont!
Missing character: There is no i in font nullfont!
Missing character: There is no k in font nullfont!
! Missing $ inserted.
<inserted text> 
                $
l.354 @article{bhowmik_
                       automated_2015,
I've inserted a begin-math/end-math symbol since I think
you left one out. Proceed, with fingers crossed.

! Extra }, or forgotten $.
l.371 }
       
I've deleted a group-closing symbol because it seems to be
spurious, as in `$x}$'. But perhaps the } is legitimate and
you forgot something else, as in `\hbox{$x}'. In such cases
the way to recover is to insert both the forgotten and the
deleted material, e.g., by typing `I$}'.

! Missing $ inserted.
<inserted text> 
                $
l.372 
      
I've inserted a begin-math/end-math symbol since I think
you left one out. Proceed, with fingers crossed.

Missing character: There is no ä in font cmmi10!

Overfull \hbox (119.54913pt too wide) in paragraph at lines 354--372
[]$[]\OML/cmm/m/it/10 utomated[]\OT1/cmr/m/n/10 015\OML/cmm/m/it/10 ; title \OT
1/cmr/m/n/10 =
 []


Overfull \hbox (548.47318pt too wide) in paragraph at lines 354--372
[]\OML/cmm/m/it/10 ; volume \OT1/cmr/m/n/10 =
 []


Overfull \hbox (52.42311pt too wide) in paragraph at lines 354--372
[]\OML/cmm/m/it/10 ; rights \OT1/cmr/m/n/10 =
 []


Overfull \hbox (60.31227pt too wide) in paragraph at lines 354--372
[]\OML/cmm/m/it/10 ; issn \OT1/cmr/m/n/10 =
 []


Overfull \hbox (80.9167pt too wide) in paragraph at lines 354--372
[]\OML/cmm/m/it/10 ; url \OT1/cmr/m/n/10 =
 []


Overfull \hbox (348.80629pt too wide) in paragraph at lines 354--372
[]\OML/cmm/m/it/10 ; doi \OT1/cmr/m/n/10 =
 []


Overfull \hbox (183.89685pt too wide) in paragraph at lines 354--372
[]\OML/cmm/m/it/10 ; abstract \OT1/cmr/m/n/10 =
 []


Overfull \hbox (4427.44734pt too wide) in paragraph at lines 354--372
[]\OML/cmm/m/it/10 ; pages \OT1/cmr/m/n/10 =
 []


Overfull \hbox (99.24431pt too wide) in paragraph at lines 354--372
[]\OML/cmm/m/it/10 ; number \OT1/cmr/m/n/10 =
 []


Overfull \hbox (73.02461pt too wide) in paragraph at lines 354--372
\OT1/cmr/m/n/10 0\OML/cmm/m/it/10 ; journaltitle \OT1/cmr/m/n/10 =
 []


Overfull \hbox (240.49786pt too wide) in paragraph at lines 354--372
[]\OML/cmm/m/it/10 ; shortjournal \OT1/cmr/m/n/10 =
 []


Overfull \hbox (212.30035pt too wide) in paragraph at lines 354--372
[]\OML/cmm/m/it/10 ; author \OT1/cmr/m/n/10 =
 []


Overfull \hbox (303.08047pt too wide) in paragraph at lines 354--372
[]\OML/cmm/m/it/10 ; date \OT1/cmr/m/n/10 =
 []


Overfull \hbox (77.3959pt too wide) in paragraph at lines 354--372
[]\OML/cmm/m/it/10 ; keywords \OT1/cmr/m/n/10 =
 []


Overfull \hbox (547.38036pt too wide) in paragraph at lines 354--372
[]\OML/cmm/m/it/10 ; file \OT1/cmr/m/n/10 =
 []


Overfull \hbox (1283.4712pt too wide) in paragraph at lines 354--372
[]$ 
 []


! LaTeX Error: Missing \begin{document}.

See the LaTeX manual or LaTeX Companion for explanation.
Type  H <return>  for immediate help.
 ...                                              
                                                  
l.373 @
       article{alamdar_human_2016,
You're in trouble here.  Try typing  <return>  to proceed.
If that doesn't work, type  X <return>  to quit.

Missing character: There is no @ in font nullfont!
Missing character: There is no a in font nullfont!
Missing character: There is no r in font nullfont!
Missing character: There is no t in font nullfont!
Missing character: There is no i in font nullfont!
Missing character: There is no c in font nullfont!
Missing character: There is no l in font nullfont!
Missing character: There is no e in font nullfont!
Missing character: There is no a in font nullfont!
Missing character: There is no l in font nullfont!
Missing character: There is no a in font nullfont!
Missing character: There is no m in font nullfont!
Missing character: There is no d in font nullfont!
Missing character: There is no a in font nullfont!
Missing character: There is no r in font nullfont!
! Missing $ inserted.
<inserted text> 
                $
l.373 @article{alamdar_
                       human_2016,
I've inserted a begin-math/end-math symbol since I think
you left one out. Proceed, with fingers crossed.

! Extra }, or forgotten $.
l.387 }
       
I've deleted a group-closing symbol because it seems to be
spurious, as in `$x}$'. But perhaps the } is legitimate and
you forgot something else, as in `\hbox{$x}'. In such cases
the way to recover is to insert both the forgotten and the
deleted material, e.g., by typing `I$}'.

! Missing $ inserted.
<inserted text> 
                $
l.388 
      
I've inserted a begin-math/end-math symbol since I think
you left one out. Proceed, with fingers crossed.


Overfull \hbox (103.965pt too wide) in paragraph at lines 373--388
[]$[]\OML/cmm/m/it/10 uman[]\OT1/cmr/m/n/10 016\OML/cmm/m/it/10 ; title \OT1/cm
r/m/n/10 =
 []


Overfull \hbox (398.93488pt too wide) in paragraph at lines 373--388
[]\OML/cmm/m/it/10 ; volume \OT1/cmr/m/n/10 =
 []


Overfull \hbox (57.42313pt too wide) in paragraph at lines 373--388
[]\OML/cmm/m/it/10 ; rights \OT1/cmr/m/n/10 =
 []


Overfull \hbox (57.19885pt too wide) in paragraph at lines 373--388
[]\OML/cmm/m/it/10 ; issn \OT1/cmr/m/n/10 =
 []


Overfull \hbox (68.69456pt too wide) in paragraph at lines 373--388
[]\OML/cmm/m/it/10 ; url \OT1/cmr/m/n/10 =
 []


Overfull \hbox (321.02031pt too wide) in paragraph at lines 373--388
[]\OML/cmm/m/it/10 ; doi \OT1/cmr/m/n/10 =
 []


Overfull \hbox (167.50908pt too wide) in paragraph at lines 373--388
[]\OML/cmm/m/it/10 ; pages \OT1/cmr/m/n/10 =
 []


Overfull \hbox (118.02463pt too wide) in paragraph at lines 373--388
[]\OML/cmm/m/it/10 ; journaltitle \OT1/cmr/m/n/10 =
 []


Overfull \hbox (225.1198pt too wide) in paragraph at lines 373--388
[]\OML/cmm/m/it/10 ; author \OT1/cmr/m/n/10 =
 []


Overfull \hbox (1187.76942pt too wide) in paragraph at lines 373--388
[]\OML/cmm/m/it/10 ; urldate \OT1/cmr/m/n/10 =
 []


Overfull \hbox (98.20245pt too wide) in paragraph at lines 373--388
[]\OML/cmm/m/it/10 ; date \OT1/cmr/m/n/10 =
 []


Overfull \hbox (85.46942pt too wide) in paragraph at lines 373--388
[]\OML/cmm/m/it/10 ; langid \OT1/cmr/m/n/10 =
 []


Overfull \hbox (65.11601pt too wide) in paragraph at lines 373--388
[]\OML/cmm/m/it/10 ; file \OT1/cmr/m/n/10 =
 []


Overfull \hbox (1308.32399pt too wide) in paragraph at lines 373--388
[]$ 
 []


! LaTeX Error: Missing \begin{document}.

See the LaTeX manual or LaTeX Companion for explanation.
Type  H <return>  for immediate help.
 ...                                              
                                                  
l.389 @
       inproceedings{bhowmik_buriganga_2008,
You're in trouble here.  Try typing  <return>  to proceed.
If that doesn't work, type  X <return>  to quit.

Missing character: There is no @ in font nullfont!
Missing character: There is no i in font nullfont!
Missing character: There is no n in font nullfont!
Missing character: There is no p in font nullfont!
Missing character: There is no r in font nullfont!
Missing character: There is no o in font nullfont!
Missing character: There is no c in font nullfont!
Missing character: There is no e in font nullfont!
Missing character: There is no e in font nullfont!
Missing character: There is no d in font nullfont!
Missing character: There is no i in font nullfont!
Missing character: There is no n in font nullfont!
Missing character: There is no g in font nullfont!
Missing character: There is no s in font nullfont!
Missing character: There is no b in font nullfont!
Missing character: There is no h in font nullfont!
Missing character: There is no o in font nullfont!
Missing character: There is no w in font nullfont!
Missing character: There is no m in font nullfont!
Missing character: There is no i in font nullfont!
Missing character: There is no k in font nullfont!
! Missing $ inserted.
<inserted text> 
                $
l.389 @inproceedings{bhowmik_
                             buriganga_2008,
I've inserted a begin-math/end-math symbol since I think
you left one out. Proceed, with fingers crossed.

! Extra }, or forgotten $.
l.400 }
       
I've deleted a group-closing symbol because it seems to be
spurious, as in `$x}$'. But perhaps the } is legitimate and
you forgot something else, as in `\hbox{$x}'. In such cases
the way to recover is to insert both the forgotten and the
deleted material, e.g., by typing `I$}'.

! Missing $ inserted.
<inserted text> 
                $
l.401 
      
I've inserted a begin-math/end-math symbol since I think
you left one out. Proceed, with fingers crossed.


Overfull \hbox (134.83997pt too wide) in paragraph at lines 389--401
[]$[]\OML/cmm/m/it/10 uriganga[]\OT1/cmr/m/n/10 008\OML/cmm/m/it/10 ; location 
\OT1/cmr/m/n/10 =
 []


Overfull \hbox (126.39201pt too wide) in paragraph at lines 389--401
[]\OML/cmm/m/it/10 ; title \OT1/cmr/m/n/10 =
 []


Overfull \hbox (232.62149pt too wide) in paragraph at lines 389--401
[]\OML/cmm/m/it/10 ; rights \OT1/cmr/m/n/10 =
 []


Overfull \hbox (85.20793pt too wide) in paragraph at lines 389--401
[]\OML/cmm/m/it/10 ; eventtitle \OT1/cmr/m/n/10 =
 []


Overfull \hbox (348.23544pt too wide) in paragraph at lines 389--401
[]\OML/cmm/m/it/10 ; pages \OT1/cmr/m/n/10 =
 []


Overfull \hbox (93.01108pt too wide) in paragraph at lines 389--401
[]\OML/cmm/m/it/10 ; booktitle \OT1/cmr/m/n/10 =
 []


Overfull \hbox (365.01398pt too wide) in paragraph at lines 389--401
[]\OML/cmm/m/it/10 ; publisher \OT1/cmr/m/n/10 =
 []


Overfull \hbox (305.5343pt too wide) in paragraph at lines 389--401
[]\OML/cmm/m/it/10 ; author \OT1/cmr/m/n/10 =
 []


Overfull \hbox (143.41885pt too wide) in paragraph at lines 389--401
[]\OML/cmm/m/it/10 ; editor \OT1/cmr/m/n/10 =
 []


Overfull \hbox (101.99677pt too wide) in paragraph at lines 389--401
[]\OML/cmm/m/it/10 ; date \OT1/cmr/m/n/10 =
 []


Overfull \hbox (20.00006pt too wide) in paragraph at lines 389--401
[]$ 
 []


! LaTeX Error: Missing \begin{document}.

See the LaTeX manual or LaTeX Companion for explanation.
Type  H <return>  for immediate help.
 ...                                              
                                                  
l.402 @
       article{bhowmik_cyclone_2013,
You're in trouble here.  Try typing  <return>  to proceed.
If that doesn't work, type  X <return>  to quit.

Missing character: There is no @ in font nullfont!
Missing character: There is no a in font nullfont!
Missing character: There is no r in font nullfont!
Missing character: There is no t in font nullfont!
Missing character: There is no i in font nullfont!
Missing character: There is no c in font nullfont!
Missing character: There is no l in font nullfont!
Missing character: There is no e in font nullfont!
Missing character: There is no b in font nullfont!
Missing character: There is no h in font nullfont!
Missing character: There is no o in font nullfont!
Missing character: There is no w in font nullfont!
Missing character: There is no m in font nullfont!
Missing character: There is no i in font nullfont!
Missing character: There is no k in font nullfont!
! Missing $ inserted.
<inserted text> 
                $
l.402 @article{bhowmik_
                       cyclone_2013,
I've inserted a begin-math/end-math symbol since I think
you left one out. Proceed, with fingers crossed.

! Extra }, or forgotten $.
l.416 }
       
I've deleted a group-closing symbol because it seems to be
spurious, as in `$x}$'. But perhaps the } is legitimate and
you forgot something else, as in `\hbox{$x}'. In such cases
the way to recover is to insert both the forgotten and the
deleted material, e.g., by typing `I$}'.

! Missing $ inserted.
<inserted text> 
                $
l.417 
      
I've inserted a begin-math/end-math symbol since I think
you left one out. Proceed, with fingers crossed.


Overfull \hbox (105.33961pt too wide) in paragraph at lines 402--417
[]$[]\OML/cmm/m/it/10 yclone[]\OT1/cmr/m/n/10 013\OML/cmm/m/it/10 ; title \OT1/
cmr/m/n/10 =
 []


Overfull \hbox (303.25786pt too wide) in paragraph at lines 402--417
[]\OML/cmm/m/it/10 ; volume \OT1/cmr/m/n/10 =
 []


Overfull \hbox (47.4231pt too wide) in paragraph at lines 402--417
\OT1/cmr/m/n/10 2\OML/cmm/m/it/10 ; rights \OT1/cmr/m/n/10 =
 []


Overfull \hbox (60.31227pt too wide) in paragraph at lines 402--417
[]\OML/cmm/m/it/10 ; issn \OT1/cmr/m/n/10 =
 []


Overfull \hbox (137.58337pt too wide) in paragraph at lines 402--417
[]\OML/cmm/m/it/10 ; url \OT1/cmr/m/n/10 =
 []


Overfull \hbox (337.03053pt too wide) in paragraph at lines 402--417
[]\OML/cmm/m/it/10 ; doi \OT1/cmr/m/n/10 =
 []


Overfull \hbox (139.6172pt too wide) in paragraph at lines 402--417
[]\OML/cmm/m/it/10 ; number \OT1/cmr/m/n/10 =
 []


Overfull \hbox (73.02461pt too wide) in paragraph at lines 402--417
\OT1/cmr/m/n/10 2\OML/cmm/m/it/10 ; journaltitle \OT1/cmr/m/n/10 =
 []


Overfull \hbox (148.38397pt too wide) in paragraph at lines 402--417
[]\OML/cmm/m/it/10 ; author \OT1/cmr/m/n/10 =
 []


Overfull \hbox (228.25768pt too wide) in paragraph at lines 402--417
[]\OML/cmm/m/it/10 ; urldate \OT1/cmr/m/n/10 =
 []


Overfull \hbox (98.20245pt too wide) in paragraph at lines 402--417
[]\OML/cmm/m/it/10 ; date \OT1/cmr/m/n/10 =
 []


Overfull \hbox (77.3959pt too wide) in paragraph at lines 402--417
[]\OML/cmm/m/it/10 ; keywords \OT1/cmr/m/n/10 =
 []


Overfull \hbox (252.56439pt too wide) in paragraph at lines 402--417
[]\OML/cmm/m/it/10 ; file \OT1/cmr/m/n/10 =
 []


Overfull \hbox (872.60622pt too wide) in paragraph at lines 402--417
[]$ 
 []


! LaTeX Error: Missing \begin{document}.

See the LaTeX manual or LaTeX Companion for explanation.
Type  H <return>  for immediate help.
 ...                                              
                                                  
l.418 @
       incollection{bhowmik_application_2009,
You're in trouble here.  Try typing  <return>  to proceed.
If that doesn't work, type  X <return>  to quit.

Missing character: There is no @ in font nullfont!
Missing character: There is no i in font nullfont!
Missing character: There is no n in font nullfont!
Missing character: There is no c in font nullfont!
Missing character: There is no o in font nullfont!
Missing character: There is no l in font nullfont!
Missing character: There is no l in font nullfont!
Missing character: There is no e in font nullfont!
Missing character: There is no c in font nullfont!
Missing character: There is no t in font nullfont!
Missing character: There is no i in font nullfont!
Missing character: There is no o in font nullfont!
Missing character: There is no n in font nullfont!
Missing character: There is no b in font nullfont!
Missing character: There is no h in font nullfont!
Missing character: There is no o in font nullfont!
Missing character: There is no w in font nullfont!
Missing character: There is no m in font nullfont!
Missing character: There is no i in font nullfont!
Missing character: There is no k in font nullfont!
! Missing $ inserted.
<inserted text> 
                $
l.418 @incollection{bhowmik_
                            application_2009,
I've inserted a begin-math/end-math symbol since I think
you left one out. Proceed, with fingers crossed.

! Extra }, or forgotten $.
l.428 }
       
I've deleted a group-closing symbol because it seems to be
spurious, as in `$x}$'. But perhaps the } is legitimate and
you forgot something else, as in `\hbox{$x}'. In such cases
the way to recover is to insert both the forgotten and the
deleted material, e.g., by typing `I$}'.

! Missing $ inserted.
<inserted text> 
                $
l.429 
      
I've inserted a begin-math/end-math symbol since I think
you left one out. Proceed, with fingers crossed.


Overfull \hbox (122.03542pt too wide) in paragraph at lines 418--429
[]$[]\OML/cmm/m/it/10 pplication[]\OT1/cmr/m/n/10 009\OML/cmm/m/it/10 ; title \
OT1/cmr/m/n/10 =
 []


Overfull \hbox (560.43784pt too wide) in paragraph at lines 418--429
[]\OML/cmm/m/it/10 ; isbn \OT1/cmr/m/n/10 =
 []


Overfull \hbox (153.67804pt too wide) in paragraph at lines 418--429
[]\OML/cmm/m/it/10 ; pages \OT1/cmr/m/n/10 =
 []


Overfull \hbox (99.24431pt too wide) in paragraph at lines 418--429
[]\OML/cmm/m/it/10 ; number \OT1/cmr/m/n/10 =
 []


Overfull \hbox (58.0111pt too wide) in paragraph at lines 418--429
\OT1/cmr/m/n/10 4\OML/cmm/m/it/10 ; booktitle \OT1/cmr/m/n/10 =
 []


Overfull \hbox (119.43776pt too wide) in paragraph at lines 418--429
[]\OML/cmm/m/it/10 ; publisher \OT1/cmr/m/n/10 =
 []


Overfull \hbox (304.79074pt too wide) in paragraph at lines 418--429
[]\OML/cmm/m/it/10 ; author \OT1/cmr/m/n/10 =
 []


Overfull \hbox (143.41885pt too wide) in paragraph at lines 418--429
[]\OML/cmm/m/it/10 ; editor \OT1/cmr/m/n/10 =
 []


Overfull \hbox (101.9278pt too wide) in paragraph at lines 418--429
[]\OML/cmm/m/it/10 ; date \OT1/cmr/m/n/10 =
 []


Overfull \hbox (20.00006pt too wide) in paragraph at lines 418--429
[]$ 
 []


! LaTeX Error: Missing \begin{document}.

See the LaTeX manual or LaTeX Companion for explanation.
Type  H <return>  for immediate help.
 ...                                              
                                                  
l.430 @
       article{bhowmik_representativeness_2014,
You're in trouble here.  Try typing  <return>  to proceed.
If that doesn't work, type  X <return>  to quit.

Missing character: There is no @ in font nullfont!
Missing character: There is no a in font nullfont!
Missing character: There is no r in font nullfont!
Missing character: There is no t in font nullfont!
Missing character: There is no i in font nullfont!
Missing character: There is no c in font nullfont!
Missing character: There is no l in font nullfont!
Missing character: There is no e in font nullfont!
Missing character: There is no b in font nullfont!
Missing character: There is no h in font nullfont!
Missing character: There is no o in font nullfont!
Missing character: There is no w in font nullfont!
Missing character: There is no m in font nullfont!
Missing character: There is no i in font nullfont!
Missing character: There is no k in font nullfont!
! Missing $ inserted.
<inserted text> 
                $
l.430 @article{bhowmik_
                       representativeness_2014,
I've inserted a begin-math/end-math symbol since I think
you left one out. Proceed, with fingers crossed.

! Extra }, or forgotten $.
l.443 }
       
I've deleted a group-closing symbol because it seems to be
spurious, as in `$x}$'. But perhaps the } is legitimate and
you forgot something else, as in `\hbox{$x}'. In such cases
the way to recover is to insert both the forgotten and the
deleted material, e.g., by typing `I$}'.

! Missing $ inserted.
<inserted text> 
                $
l.444 
      
I've inserted a begin-math/end-math symbol since I think
you left one out. Proceed, with fingers crossed.


Overfull \hbox (157.74695pt too wide) in paragraph at lines 430--444
[]$[]\OML/cmm/m/it/10 epresentativeness[]\OT1/cmr/m/n/10 014\OML/cmm/m/it/10 ; 
title \OT1/cmr/m/n/10 =
 []


Overfull \hbox (514.54262pt too wide) in paragraph at lines 430--444
[]\OML/cmm/m/it/10 ; volume \OT1/cmr/m/n/10 =
 []


Overfull \hbox (52.42311pt too wide) in paragraph at lines 430--444
[]\OML/cmm/m/it/10 ; rights \OT1/cmr/m/n/10 =
 []


Overfull \hbox (60.31227pt too wide) in paragraph at lines 430--444
[]\OML/cmm/m/it/10 ; issn \OT1/cmr/m/n/10 =
 []


Overfull \hbox (80.9167pt too wide) in paragraph at lines 430--444
[]\OML/cmm/m/it/10 ; url \OT1/cmr/m/n/10 =
 []


Overfull \hbox (192.1867pt too wide) in paragraph at lines 430--444
[]\OML/cmm/m/it/10 ; doi \OT1/cmr/m/n/10 =
 []


Overfull \hbox (117.39255pt too wide) in paragraph at lines 430--444
[]\OML/cmm/m/it/10 ; pages \OT1/cmr/m/n/10 =
 []


Overfull \hbox (118.02463pt too wide) in paragraph at lines 430--444
[]\OML/cmm/m/it/10 ; journaltitle \OT1/cmr/m/n/10 =
 []


Overfull \hbox (169.00922pt too wide) in paragraph at lines 430--444
[]\OML/cmm/m/it/10 ; author \OT1/cmr/m/n/10 =
 []


Overfull \hbox (240.77197pt too wide) in paragraph at lines 430--444
[]\OML/cmm/m/it/10 ; date \OT1/cmr/m/n/10 =
 []


Overfull \hbox (77.3959pt too wide) in paragraph at lines 430--444
[]\OML/cmm/m/it/10 ; keywords \OT1/cmr/m/n/10 =
 []


Overfull \hbox (555.57532pt too wide) in paragraph at lines 430--444
[]\OML/cmm/m/it/10 ; file \OT1/cmr/m/n/10 =
 []


Overfull \hbox (1364.9301pt too wide) in paragraph at lines 430--444
[]$ 
 []


! LaTeX Error: Missing \begin{document}.

See the LaTeX manual or LaTeX Companion for explanation.
Type  H <return>  for immediate help.
 ...                                              
                                                  
l.445 @
       article{bhowmik_spatially_2015,
You're in trouble here.  Try typing  <return>  to proceed.
If that doesn't work, type  X <return>  to quit.

Missing character: There is no @ in font nullfont!
Missing character: There is no a in font nullfont!
Missing character: There is no r in font nullfont!
Missing character: There is no t in font nullfont!
Missing character: There is no i in font nullfont!
Missing character: There is no c in font nullfont!
Missing character: There is no l in font nullfont!
Missing character: There is no e in font nullfont!
Missing character: There is no b in font nullfont!
Missing character: There is no h in font nullfont!
Missing character: There is no o in font nullfont!
Missing character: There is no w in font nullfont!
Missing character: There is no m in font nullfont!
Missing character: There is no i in font nullfont!
Missing character: There is no k in font nullfont!
! Missing $ inserted.
<inserted text> 
                $
l.445 @article{bhowmik_
                       spatially_2015,
I've inserted a begin-math/end-math symbol since I think
you left one out. Proceed, with fingers crossed.

! Extra }, or forgotten $.
l.455 }
       
I've deleted a group-closing symbol because it seems to be
spurious, as in `$x}$'. But perhaps the } is legitimate and
you forgot something else, as in `\hbox{$x}'. In such cases
the way to recover is to insert both the forgotten and the
deleted material, e.g., by typing `I$}'.

! Missing $ inserted.
<inserted text> 
                $
l.456 
      
I've inserted a begin-math/end-math symbol since I think
you left one out. Proceed, with fingers crossed.


Overfull \hbox (111.18785pt too wide) in paragraph at lines 445--456
[]$[]\OML/cmm/m/it/10 patially[]\OT1/cmr/m/n/10 015\OML/cmm/m/it/10 ; title \OT
1/cmr/m/n/10 =
 []


Overfull \hbox (538.90483pt too wide) in paragraph at lines 445--456
[]\OML/cmm/m/it/10 ; volume \OT1/cmr/m/n/10 =
 []


Overfull \hbox (52.42311pt too wide) in paragraph at lines 445--456
[]\OML/cmm/m/it/10 ; rights \OT1/cmr/m/n/10 =
 []


Overfull \hbox (54.98701pt too wide) in paragraph at lines 445--456
[]\OML/cmm/m/it/10 ; doi \OT1/cmr/m/n/10 =
 []


Overfull \hbox (189.23146pt too wide) in paragraph at lines 445--456
[]\OML/cmm/m/it/10 ; pages \OT1/cmr/m/n/10 =
 []


Overfull \hbox (128.02466pt too wide) in paragraph at lines 445--456
[]\OML/cmm/m/it/10 ; journaltitle \OT1/cmr/m/n/10 =
 []


Overfull \hbox (259.49223pt too wide) in paragraph at lines 445--456
[]\OML/cmm/m/it/10 ; author \OT1/cmr/m/n/10 =
 []


Overfull \hbox (214.56316pt too wide) in paragraph at lines 445--456
[]\OML/cmm/m/it/10 ; date \OT1/cmr/m/n/10 =
 []


Overfull \hbox (52.25421pt too wide) in paragraph at lines 445--456
[]\OML/cmm/m/it/10 ; file \OT1/cmr/m/n/10 =
 []


Overfull \hbox (875.79608pt too wide) in paragraph at lines 445--456
[]$ 
 []


! LaTeX Error: Missing \begin{document}.

See the LaTeX manual or LaTeX Companion for explanation.
Type  H <return>  for immediate help.
 ...                                              
                                                  
l.457 @
       inproceedings{bhowmik_data_2014,
You're in trouble here.  Try typing  <return>  to proceed.
If that doesn't work, type  X <return>  to quit.

Missing character: There is no @ in font nullfont!
Missing character: There is no i in font nullfont!
Missing character: There is no n in font nullfont!
Missing character: There is no p in font nullfont!
Missing character: There is no r in font nullfont!
Missing character: There is no o in font nullfont!
Missing character: There is no c in font nullfont!
Missing character: There is no e in font nullfont!
Missing character: There is no e in font nullfont!
Missing character: There is no d in font nullfont!
Missing character: There is no i in font nullfont!
Missing character: There is no n in font nullfont!
Missing character: There is no g in font nullfont!
Missing character: There is no s in font nullfont!
Missing character: There is no b in font nullfont!
Missing character: There is no h in font nullfont!
Missing character: There is no o in font nullfont!
Missing character: There is no w in font nullfont!
Missing character: There is no m in font nullfont!
Missing character: There is no i in font nullfont!
Missing character: There is no k in font nullfont!
! Missing $ inserted.
<inserted text> 
                $
l.457 @inproceedings{bhowmik_
                             data_2014,
I've inserted a begin-math/end-math symbol since I think
you left one out. Proceed, with fingers crossed.

! Extra }, or forgotten $.
l.468 }
       
I've deleted a group-closing symbol because it seems to be
spurious, as in `$x}$'. But perhaps the } is legitimate and
you forgot something else, as in `\hbox{$x}'. In such cases
the way to recover is to insert both the forgotten and the
deleted material, e.g., by typing `I$}'.

! Missing $ inserted.
<inserted text> 
                $
l.469 
      
I've inserted a begin-math/end-math symbol since I think
you left one out. Proceed, with fingers crossed.

Missing character: There is no ó in font cmmi10!

Overfull \hbox (108.87894pt too wide) in paragraph at lines 457--469
[]$[]\OML/cmm/m/it/10 ata[]\OT1/cmr/m/n/10 014\OML/cmm/m/it/10 ; location \OT1/
cmr/m/n/10 =
 []


Overfull \hbox (102.88821pt too wide) in paragraph at lines 457--469
[]\OML/cmm/m/it/10 ; title \OT1/cmr/m/n/10 =
 []


Overfull \hbox (554.47792pt too wide) in paragraph at lines 457--469
[]\OML/cmm/m/it/10 ; rights \OT1/cmr/m/n/10 =
 []


Overfull \hbox (60.99837pt too wide) in paragraph at lines 457--469
[]\OML/cmm/m/it/10 ; isbn \OT1/cmr/m/n/10 =
 []


Overfull \hbox (142.58319pt too wide) in paragraph at lines 457--469
[]\OML/cmm/m/it/10 ; url \OT1/cmr/m/n/10 =
 []


Overfull \hbox (293.83096pt too wide) in paragraph at lines 457--469
[]\OML/cmm/m/it/10 ; eventtitle \OT1/cmr/m/n/10 =
 []


Overfull \hbox (316.33498pt too wide) in paragraph at lines 457--469
[]\OML/cmm/m/it/10 ; booktitle \OT1/cmr/m/n/10 =
 []


Overfull \hbox (556.05664pt too wide) in paragraph at lines 457--469
[]\OML/cmm/m/it/10 ; author \OT1/cmr/m/n/10 =
 []


Overfull \hbox (240.77197pt too wide) in paragraph at lines 457--469
[]\OML/cmm/m/it/10 ; date \OT1/cmr/m/n/10 =
 []


Overfull \hbox (52.25421pt too wide) in paragraph at lines 457--469
[]\OML/cmm/m/it/10 ; file \OT1/cmr/m/n/10 =
 []


Overfull \hbox (1344.65973pt too wide) in paragraph at lines 457--469
[]$ 
 []


! LaTeX Error: Missing \begin{document}.

See the LaTeX manual or LaTeX Companion for explanation.
Type  H <return>  for immediate help.
 ...                                              
                                                  
l.470 @
       inproceedings{bhowmik_environmental_2012,
You're in trouble here.  Try typing  <return>  to proceed.
If that doesn't work, type  X <return>  to quit.

Missing character: There is no @ in font nullfont!
Missing character: There is no i in font nullfont!
Missing character: There is no n in font nullfont!
Missing character: There is no p in font nullfont!
Missing character: There is no r in font nullfont!
Missing character: There is no o in font nullfont!
Missing character: There is no c in font nullfont!
Missing character: There is no e in font nullfont!
Missing character: There is no e in font nullfont!
Missing character: There is no d in font nullfont!
Missing character: There is no i in font nullfont!
Missing character: There is no n in font nullfont!
Missing character: There is no g in font nullfont!
Missing character: There is no s in font nullfont!
Missing character: There is no b in font nullfont!
Missing character: There is no h in font nullfont!
Missing character: There is no o in font nullfont!
Missing character: There is no w in font nullfont!
Missing character: There is no m in font nullfont!
Missing character: There is no i in font nullfont!
Missing character: There is no k in font nullfont!
! Missing $ inserted.
<inserted text> 
                $
l.470 @inproceedings{bhowmik_
                             environmental_2012,
I've inserted a begin-math/end-math symbol since I think
you left one out. Proceed, with fingers crossed.

! Extra }, or forgotten $.
l.486 }
       
I've deleted a group-closing symbol because it seems to be
spurious, as in `$x}$'. But perhaps the } is legitimate and
you forgot something else, as in `\hbox{$x}'. In such cases
the way to recover is to insert both the forgotten and the
deleted material, e.g., by typing `I$}'.

! Missing $ inserted.
<inserted text> 
                $
l.487 
      
I've inserted a begin-math/end-math symbol since I think
you left one out. Proceed, with fingers crossed.

Missing character: There is no – in font cmr10!

Overfull \hbox (155.93927pt too wide) in paragraph at lines 470--487
[]$[]\OML/cmm/m/it/10 nvironmental[]\OT1/cmr/m/n/10 012\OML/cmm/m/it/10 ; locat
ion \OT1/cmr/m/n/10 =
 []


Overfull \hbox (119.24799pt too wide) in paragraph at lines 470--487
[]\OML/cmm/m/it/10 ; title \OT1/cmr/m/n/10 =
 []


Overfull \hbox (591.53139pt too wide) in paragraph at lines 470--487
[]\OML/cmm/m/it/10 ; rights \OT1/cmr/m/n/10 =
 []


Overfull \hbox (60.99837pt too wide) in paragraph at lines 470--487
[]\OML/cmm/m/it/10 ; isbn \OT1/cmr/m/n/10 =
 []


Overfull \hbox (115.36101pt too wide) in paragraph at lines 470--487
[]\OML/cmm/m/it/10 ; url \OT1/cmr/m/n/10 =
 []


Overfull \hbox (286.29012pt too wide) in paragraph at lines 470--487
[]\OML/cmm/m/it/10 ; shorttitle \OT1/cmr/m/n/10 =
 []


Overfull \hbox (276.41469pt too wide) in paragraph at lines 470--487
[]\OML/cmm/m/it/10 ; abstract \OT1/cmr/m/n/10 =
 []


Overfull \hbox (11375.849pt too wide) in paragraph at lines 470--487
[]\OML/cmm/m/it/10 ; eventtitle \OT1/cmr/m/n/10 =
 []


Overfull \hbox (194.02042pt too wide) in paragraph at lines 470--487
[]\OML/cmm/m/it/10 ; booktitle \OT1/cmr/m/n/10 =
 []


Overfull \hbox (277.97964pt too wide) in paragraph at lines 470--487
[]\OML/cmm/m/it/10 ; publisher \OT1/cmr/m/n/10 =
 []


Overfull \hbox (77.35786pt too wide) in paragraph at lines 470--487
[]\OML/cmm/m/it/10 ; author \OT1/cmr/m/n/10 =
 []


Overfull \hbox (143.41885pt too wide) in paragraph at lines 470--487
[]\OML/cmm/m/it/10 ; editor \OT1/cmr/m/n/10 =
 []


Overfull \hbox (103.05217pt too wide) in paragraph at lines 470--487
[]\OML/cmm/m/it/10 ; urldate \OT1/cmr/m/n/10 =
 []


Overfull \hbox (98.20245pt too wide) in paragraph at lines 470--487
[]\OML/cmm/m/it/10 ; date \OT1/cmr/m/n/10 =
 []


Overfull \hbox (52.25421pt too wide) in paragraph at lines 470--487
[]\OML/cmm/m/it/10 ; file \OT1/cmr/m/n/10 =
 []


Overfull \hbox (1277.37273pt too wide) in paragraph at lines 470--487
[]$ 
 []


! LaTeX Error: Missing \begin{document}.

See the LaTeX manual or LaTeX Companion for explanation.
Type  H <return>  for immediate help.
 ...                                              
                                                  
l.488 @
       incollection{bhowmik_space-time_2013,
You're in trouble here.  Try typing  <return>  to proceed.
If that doesn't work, type  X <return>  to quit.

Missing character: There is no @ in font nullfont!
Missing character: There is no i in font nullfont!
Missing character: There is no n in font nullfont!
Missing character: There is no c in font nullfont!
Missing character: There is no o in font nullfont!
Missing character: There is no l in font nullfont!
Missing character: There is no l in font nullfont!
Missing character: There is no e in font nullfont!
Missing character: There is no c in font nullfont!
Missing character: There is no t in font nullfont!
Missing character: There is no i in font nullfont!
Missing character: There is no o in font nullfont!
Missing character: There is no n in font nullfont!
Missing character: There is no b in font nullfont!
Missing character: There is no h in font nullfont!
Missing character: There is no o in font nullfont!
Missing character: There is no w in font nullfont!
Missing character: There is no m in font nullfont!
Missing character: There is no i in font nullfont!
Missing character: There is no k in font nullfont!
! Missing $ inserted.
<inserted text> 
                $
l.488 @incollection{bhowmik_
                            space-time_2013,
I've inserted a begin-math/end-math symbol since I think
you left one out. Proceed, with fingers crossed.

! Extra }, or forgotten $.
l.504 }
       
I've deleted a group-closing symbol because it seems to be
spurious, as in `$x}$'. But perhaps the } is legitimate and
you forgot something else, as in `\hbox{$x}'. In such cases
the way to recover is to insert both the forgotten and the
deleted material, e.g., by typing `I$}'.

! Missing $ inserted.
<inserted text> 
                $
l.505 
      
I've inserted a begin-math/end-math symbol since I think
you left one out. Proceed, with fingers crossed.

Missing character: There is no – in font cmr10!

Overfull \hbox (51.35309pt too wide) in paragraph at lines 488--505
[]$[]\OML/cmm/m/it/10 pace \OMS/cmsy/m/n/10 ^^@
 []


Overfull \hbox (73.48294pt too wide) in paragraph at lines 488--505
\OML/cmm/m/it/10 time[]\OT1/cmr/m/n/10 013\OML/cmm/m/it/10 ; title \OT1/cmr/m/n
/10 =
 []


Overfull \hbox (443.9395pt too wide) in paragraph at lines 488--505
[]\OML/cmm/m/it/10 ; rights \OT1/cmr/m/n/10 =
 []


Overfull \hbox (59.91643pt too wide) in paragraph at lines 488--505
[]\OML/cmm/m/it/10 ; isbn \OT1/cmr/m/n/10 =
 []


Overfull \hbox (256.47194pt too wide) in paragraph at lines 488--505
[]\OML/cmm/m/it/10 ; url \OT1/cmr/m/n/10 =
 []


Overfull \hbox (357.5196pt too wide) in paragraph at lines 488--505
[]\OML/cmm/m/it/10 ; series \OT1/cmr/m/n/10 =
 []


Overfull \hbox (201.26117pt too wide) in paragraph at lines 488--505
[]\OML/cmm/m/it/10 ; abstract \OT1/cmr/m/n/10 =
 []


Overfull \hbox (4245.30545pt too wide) in paragraph at lines 488--505
[]\OML/cmm/m/it/10 ; pages \OT1/cmr/m/n/10 =
 []


Overfull \hbox (99.24431pt too wide) in paragraph at lines 488--505
[]\OML/cmm/m/it/10 ; number \OT1/cmr/m/n/10 =
 []


Overfull \hbox (73.01114pt too wide) in paragraph at lines 488--505
[]\OML/cmm/m/it/10 ; booktitle \OT1/cmr/m/n/10 =
 []


Overfull \hbox (299.6874pt too wide) in paragraph at lines 488--505
[]\OML/cmm/m/it/10 ; publisher \OT1/cmr/m/n/10 =
 []


Overfull \hbox (164.8645pt too wide) in paragraph at lines 488--505
[]\OML/cmm/m/it/10 ; author \OT1/cmr/m/n/10 =
 []


Overfull \hbox (222.359pt too wide) in paragraph at lines 488--505
[]\OML/cmm/m/it/10 ; editor \OT1/cmr/m/n/10 =
 []


Overfull \hbox (838.58157pt too wide) in paragraph at lines 488--505
[]\OML/cmm/m/it/10 ; urldate \OT1/cmr/m/n/10 =
 []


Overfull \hbox (98.20245pt too wide) in paragraph at lines 488--505
[]\OML/cmm/m/it/10 ; date \OT1/cmr/m/n/10 =
 []


Overfull \hbox (77.3959pt too wide) in paragraph at lines 488--505
[]\OML/cmm/m/it/10 ; keywords \OT1/cmr/m/n/10 =
 []


Overfull \hbox (1421.23212pt too wide) in paragraph at lines 488--505
[]$ 
 []


! LaTeX Error: Missing \begin{document}.

See the LaTeX manual or LaTeX Companion for explanation.
Type  H <return>  for immediate help.
 ...                                              
                                                  
l.506 @
       incollection{bhowmik_statistical_2011,
You're in trouble here.  Try typing  <return>  to proceed.
If that doesn't work, type  X <return>  to quit.

Missing character: There is no @ in font nullfont!
Missing character: There is no i in font nullfont!
Missing character: There is no n in font nullfont!
Missing character: There is no c in font nullfont!
Missing character: There is no o in font nullfont!
Missing character: There is no l in font nullfont!
Missing character: There is no l in font nullfont!
Missing character: There is no e in font nullfont!
Missing character: There is no c in font nullfont!
Missing character: There is no t in font nullfont!
Missing character: There is no i in font nullfont!
Missing character: There is no o in font nullfont!
Missing character: There is no n in font nullfont!
Missing character: There is no b in font nullfont!
Missing character: There is no h in font nullfont!
Missing character: There is no o in font nullfont!
Missing character: There is no w in font nullfont!
Missing character: There is no m in font nullfont!
Missing character: There is no i in font nullfont!
Missing character: There is no k in font nullfont!
! Missing $ inserted.
<inserted text> 
                $
l.506 @incollection{bhowmik_
                            statistical_2011,
I've inserted a begin-math/end-math symbol since I think
you left one out. Proceed, with fingers crossed.

! Extra }, or forgotten $.
l.524 }
       
I've deleted a group-closing symbol because it seems to be
spurious, as in `$x}$'. But perhaps the } is legitimate and
you forgot something else, as in `\hbox{$x}'. In such cases
the way to recover is to insert both the forgotten and the
deleted material, e.g., by typing `I$}'.

! Missing $ inserted.
<inserted text> 
                $
l.525 
      
I've inserted a begin-math/end-math symbol since I think
you left one out. Proceed, with fingers crossed.

Missing character: There is no é in font cmmi10!

Overfull \hbox (117.55885pt too wide) in paragraph at lines 506--525
[]$[]\OML/cmm/m/it/10 tatistical[]\OT1/cmr/m/n/10 011\OML/cmm/m/it/10 ; title \
OT1/cmr/m/n/10 =
 []


Overfull \hbox (700.80905pt too wide) in paragraph at lines 506--525
[]\OML/cmm/m/it/10 ; rights \OT1/cmr/m/n/10 =
 []


Overfull \hbox (59.91643pt too wide) in paragraph at lines 506--525
[]\OML/cmm/m/it/10 ; isbn \OT1/cmr/m/n/10 =
 []


Overfull \hbox (256.47194pt too wide) in paragraph at lines 506--525
[]\OML/cmm/m/it/10 ; url \OT1/cmr/m/n/10 =
 []


Overfull \hbox (357.5196pt too wide) in paragraph at lines 506--525
[]\OML/cmm/m/it/10 ; series \OT1/cmr/m/n/10 =
 []


Overfull \hbox (207.57207pt too wide) in paragraph at lines 506--525
[]\OML/cmm/m/it/10 ; shorttitle \OT1/cmr/m/n/10 =
 []


Overfull \hbox (417.61803pt too wide) in paragraph at lines 506--525
[]\OML/cmm/m/it/10 ; abstract \OT1/cmr/m/n/10 =
 []


Overfull \hbox (3987.15524pt too wide) in paragraph at lines 506--525
[]\OML/cmm/m/it/10 ; pages \OT1/cmr/m/n/10 =
 []


Overfull \hbox (89.24428pt too wide) in paragraph at lines 506--525
[]\OML/cmm/m/it/10 ; number \OT1/cmr/m/n/10 =
 []


Overfull \hbox (73.01114pt too wide) in paragraph at lines 506--525
[]\OML/cmm/m/it/10 ; booktitle \OT1/cmr/m/n/10 =
 []


Overfull \hbox (311.90953pt too wide) in paragraph at lines 506--525
[]\OML/cmm/m/it/10 ; publisher \OT1/cmr/m/n/10 =
 []


Overfull \hbox (164.8645pt too wide) in paragraph at lines 506--525
[]\OML/cmm/m/it/10 ; author \OT1/cmr/m/n/10 =
 []


Overfull \hbox (222.359pt too wide) in paragraph at lines 506--525
[]\OML/cmm/m/it/10 ; editor \OT1/cmr/m/n/10 =
 []


Overfull \hbox (518.5398pt too wide) in paragraph at lines 506--525
[]\OML/cmm/m/it/10 ; urldate \OT1/cmr/m/n/10 =
 []


Overfull \hbox (98.20245pt too wide) in paragraph at lines 506--525
[]\OML/cmm/m/it/10 ; date \OT1/cmr/m/n/10 =
 []


Overfull \hbox (77.3959pt too wide) in paragraph at lines 506--525
[]\OML/cmm/m/it/10 ; keywords \OT1/cmr/m/n/10 =
 []


Overfull \hbox (1543.03935pt too wide) in paragraph at lines 506--525
[]\OML/cmm/m/it/10 ; file \OT1/cmr/m/n/10 =
 []


Overfull \hbox (1358.53088pt too wide) in paragraph at lines 506--525
[]$ 
 []


! LaTeX Error: Missing \begin{document}.

See the LaTeX manual or LaTeX Companion for explanation.
Type  H <return>  for immediate help.
 ...                                              
                                                  
l.526 @
       article{bhowmik_large_2015,
You're in trouble here.  Try typing  <return>  to proceed.
If that doesn't work, type  X <return>  to quit.

Missing character: There is no @ in font nullfont!
Missing character: There is no a in font nullfont!
Missing character: There is no r in font nullfont!
Missing character: There is no t in font nullfont!
Missing character: There is no i in font nullfont!
Missing character: There is no c in font nullfont!
Missing character: There is no l in font nullfont!
Missing character: There is no e in font nullfont!
Missing character: There is no b in font nullfont!
Missing character: There is no h in font nullfont!
Missing character: There is no o in font nullfont!
Missing character: There is no w in font nullfont!
Missing character: There is no m in font nullfont!
Missing character: There is no i in font nullfont!
Missing character: There is no k in font nullfont!
! Missing $ inserted.
<inserted text> 
                $
l.526 @article{bhowmik_
                       large_2015,
I've inserted a begin-math/end-math symbol since I think
you left one out. Proceed, with fingers crossed.

! Extra }, or forgotten $.
l.542 }
       
I've deleted a group-closing symbol because it seems to be
spurious, as in `$x}$'. But perhaps the } is legitimate and
you forgot something else, as in `\hbox{$x}'. In such cases
the way to recover is to insert both the forgotten and the
deleted material, e.g., by typing `I$}'.

! Missing $ inserted.
<inserted text> 
                $
l.543 
      
I've inserted a begin-math/end-math symbol since I think
you left one out. Proceed, with fingers crossed.

Missing character: There is no ä in font cmmi10!
Missing character: There is no ä in font cmmi10!
Missing character: There is no ä in font cmmi10!

Overfull \hbox (95.91974pt too wide) in paragraph at lines 526--543
[]$[]\OML/cmm/m/it/10 arge[]\OT1/cmr/m/n/10 015\OML/cmm/m/it/10 ; title \OT1/cm
r/m/n/10 =
 []


Overfull \hbox (336.69408pt too wide) in paragraph at lines 526--543
[]\OML/cmm/m/it/10 ; volume \OT1/cmr/m/n/10 =
 []


Overfull \hbox (52.42311pt too wide) in paragraph at lines 526--543
[]\OML/cmm/m/it/10 ; rights \OT1/cmr/m/n/10 =
 []


Overfull \hbox (57.19885pt too wide) in paragraph at lines 526--543
[]\OML/cmm/m/it/10 ; issn \OT1/cmr/m/n/10 =
 []


Overfull \hbox (80.9167pt too wide) in paragraph at lines 526--543
[]\OML/cmm/m/it/10 ; url \OT1/cmr/m/n/10 =
 []


Overfull \hbox (252.22392pt too wide) in paragraph at lines 526--543
[]\OML/cmm/m/it/10 ; doi \OT1/cmr/m/n/10 =
 []


Overfull \hbox (173.18044pt too wide) in paragraph at lines 526--543
[]\OML/cmm/m/it/10 ; pages \OT1/cmr/m/n/10 =
 []


Overfull \hbox (88.90065pt too wide) in paragraph at lines 526--543
[]\OML/cmm/m/it/10 ; number \OT1/cmr/m/n/10 =
 []


Overfull \hbox (73.02461pt too wide) in paragraph at lines 526--543
\OT1/cmr/m/n/10 6\OML/cmm/m/it/10 ; journaltitle \OT1/cmr/m/n/10 =
 []


Overfull \hbox (99.23698pt too wide) in paragraph at lines 526--543
[]\OML/cmm/m/it/10 ; author \OT1/cmr/m/n/10 =
 []


Overfull \hbox (228.98962pt too wide) in paragraph at lines 526--543
[]\OML/cmm/m/it/10 ; editor \OT1/cmr/m/n/10 =
 []


Overfull \hbox (125.21402pt too wide) in paragraph at lines 526--543
[]\OML/cmm/m/it/10 ; urldate \OT1/cmr/m/n/10 =
 []


Overfull \hbox (98.20245pt too wide) in paragraph at lines 526--543
[]\OML/cmm/m/it/10 ; date \OT1/cmr/m/n/10 =
 []


Overfull \hbox (107.69159pt too wide) in paragraph at lines 526--543
[]\OML/cmm/m/it/10 ; langid \OT1/cmr/m/n/10 =
 []


Overfull \hbox (65.11601pt too wide) in paragraph at lines 526--543
[]\OML/cmm/m/it/10 ; file \OT1/cmr/m/n/10 =
 []


Overfull \hbox (1368.77036pt too wide) in paragraph at lines 526--543
[]$ 
 []


! LaTeX Error: Missing \begin{document}.

See the LaTeX manual or LaTeX Companion for explanation.
Type  H <return>  for immediate help.
 ...                                              
                                                  
l.544 @
       article{bhowmik_geostatistical_2012,
You're in trouble here.  Try typing  <return>  to proceed.
If that doesn't work, type  X <return>  to quit.

Missing character: There is no @ in font nullfont!
Missing character: There is no a in font nullfont!
Missing character: There is no r in font nullfont!
Missing character: There is no t in font nullfont!
Missing character: There is no i in font nullfont!
Missing character: There is no c in font nullfont!
Missing character: There is no l in font nullfont!
Missing character: There is no e in font nullfont!
Missing character: There is no b in font nullfont!
Missing character: There is no h in font nullfont!
Missing character: There is no o in font nullfont!
Missing character: There is no w in font nullfont!
Missing character: There is no m in font nullfont!
Missing character: There is no i in font nullfont!
Missing character: There is no k in font nullfont!
! Missing $ inserted.
<inserted text> 
                $
l.544 @article{bhowmik_
                       geostatistical_2012,
I've inserted a begin-math/end-math symbol since I think
you left one out. Proceed, with fingers crossed.

! Extra }, or forgotten $.
l.558 }
       
I've deleted a group-closing symbol because it seems to be
spurious, as in `$x}$'. But perhaps the } is legitimate and
you forgot something else, as in `\hbox{$x}'. In such cases
the way to recover is to insert both the forgotten and the
deleted material, e.g., by typing `I$}'.

! Missing $ inserted.
<inserted text> 
                $
l.559 
      
I've inserted a begin-math/end-math symbol since I think
you left one out. Proceed, with fingers crossed.


Overfull \hbox (132.12798pt too wide) in paragraph at lines 544--559
[]$[]\OML/cmm/m/it/10 eostatistical[]\OT1/cmr/m/n/10 012\OML/cmm/m/it/10 ; titl
e \OT1/cmr/m/n/10 =
 []


Overfull \hbox (482.81445pt too wide) in paragraph at lines 544--559
[]\OML/cmm/m/it/10 ; volume \OT1/cmr/m/n/10 =
 []


Overfull \hbox (52.42311pt too wide) in paragraph at lines 544--559
[]\OML/cmm/m/it/10 ; rights \OT1/cmr/m/n/10 =
 []


Overfull \hbox (60.31227pt too wide) in paragraph at lines 544--559
[]\OML/cmm/m/it/10 ; issn \OT1/cmr/m/n/10 =
 []


Overfull \hbox (137.58337pt too wide) in paragraph at lines 544--559
[]\OML/cmm/m/it/10 ; url \OT1/cmr/m/n/10 =
 []


Overfull \hbox (411.97116pt too wide) in paragraph at lines 544--559
[]\OML/cmm/m/it/10 ; doi \OT1/cmr/m/n/10 =
 []


Overfull \hbox (141.38698pt too wide) in paragraph at lines 544--559
[]\OML/cmm/m/it/10 ; pages \OT1/cmr/m/n/10 =
 []


Overfull \hbox (99.24431pt too wide) in paragraph at lines 544--559
[]\OML/cmm/m/it/10 ; number \OT1/cmr/m/n/10 =
 []


Overfull \hbox (73.02461pt too wide) in paragraph at lines 544--559
\OT1/cmr/m/n/10 3\OML/cmm/m/it/10 ; journaltitle \OT1/cmr/m/n/10 =
 []


Overfull \hbox (208.23238pt too wide) in paragraph at lines 544--559
[]\OML/cmm/m/it/10 ; author \OT1/cmr/m/n/10 =
 []


Overfull \hbox (149.31754pt too wide) in paragraph at lines 544--559
[]\OML/cmm/m/it/10 ; urldate \OT1/cmr/m/n/10 =
 []


Overfull \hbox (98.20245pt too wide) in paragraph at lines 544--559
[]\OML/cmm/m/it/10 ; date \OT1/cmr/m/n/10 =
 []


Overfull \hbox (77.3959pt too wide) in paragraph at lines 544--559
[]\OML/cmm/m/it/10 ; keywords \OT1/cmr/m/n/10 =
 []


Overfull \hbox (266.49129pt too wide) in paragraph at lines 544--559
[]$ 
 []


! LaTeX Error: Missing \begin{document}.

See the LaTeX manual or LaTeX Companion for explanation.
Type  H <return>  for immediate help.
 ...                                              
                                                  
l.560 @
       article{bhowmik_mapping_2015,
You're in trouble here.  Try typing  <return>  to proceed.
If that doesn't work, type  X <return>  to quit.

Missing character: There is no @ in font nullfont!
Missing character: There is no a in font nullfont!
Missing character: There is no r in font nullfont!
Missing character: There is no t in font nullfont!
Missing character: There is no i in font nullfont!
Missing character: There is no c in font nullfont!
Missing character: There is no l in font nullfont!
Missing character: There is no e in font nullfont!
Missing character: There is no b in font nullfont!
Missing character: There is no h in font nullfont!
Missing character: There is no o in font nullfont!
Missing character: There is no w in font nullfont!
Missing character: There is no m in font nullfont!
Missing character: There is no i in font nullfont!
Missing character: There is no k in font nullfont!
! Missing $ inserted.
<inserted text> 
                $
l.560 @article{bhowmik_
                       mapping_2015,
I've inserted a begin-math/end-math symbol since I think
you left one out. Proceed, with fingers crossed.

! Extra }, or forgotten $.
l.574 }
       
I've deleted a group-closing symbol because it seems to be
spurious, as in `$x}$'. But perhaps the } is legitimate and
you forgot something else, as in `\hbox{$x}'. In such cases
the way to recover is to insert both the forgotten and the
deleted material, e.g., by typing `I$}'.

! Missing $ inserted.
<inserted text> 
                $
l.575 
      
I've inserted a begin-math/end-math symbol since I think
you left one out. Proceed, with fingers crossed.

Missing character: There is no ä in font cmmi10!

Overfull \hbox (110.15196pt too wide) in paragraph at lines 560--575
[]$[]\OML/cmm/m/it/10 apping[]\OT1/cmr/m/n/10 015\OML/cmm/m/it/10 ; title \OT1/
cmr/m/n/10 =
 []


Overfull \hbox (518.6294pt too wide) in paragraph at lines 560--575
[]\OML/cmm/m/it/10 ; volume \OT1/cmr/m/n/10 =
 []


Overfull \hbox (57.42313pt too wide) in paragraph at lines 560--575
[]\OML/cmm/m/it/10 ; rights \OT1/cmr/m/n/10 =
 []


Overfull \hbox (57.19885pt too wide) in paragraph at lines 560--575
[]\OML/cmm/m/it/10 ; issn \OT1/cmr/m/n/10 =
 []


Overfull \hbox (68.69456pt too wide) in paragraph at lines 560--575
[]\OML/cmm/m/it/10 ; url \OT1/cmr/m/n/10 =
 []


Overfull \hbox (321.02031pt too wide) in paragraph at lines 560--575
[]\OML/cmm/m/it/10 ; doi \OT1/cmr/m/n/10 =
 []


Overfull \hbox (178.20767pt too wide) in paragraph at lines 560--575
[]\OML/cmm/m/it/10 ; pages \OT1/cmr/m/n/10 =
 []


Overfull \hbox (118.02463pt too wide) in paragraph at lines 560--575
[]\OML/cmm/m/it/10 ; journaltitle \OT1/cmr/m/n/10 =
 []


Overfull \hbox (193.07118pt too wide) in paragraph at lines 560--575
[]\OML/cmm/m/it/10 ; author \OT1/cmr/m/n/10 =
 []


Overfull \hbox (959.4958pt too wide) in paragraph at lines 560--575
[]\OML/cmm/m/it/10 ; urldate \OT1/cmr/m/n/10 =
 []


Overfull \hbox (98.20245pt too wide) in paragraph at lines 560--575
[]\OML/cmm/m/it/10 ; date \OT1/cmr/m/n/10 =
 []


Overfull \hbox (85.46942pt too wide) in paragraph at lines 560--575
[]\OML/cmm/m/it/10 ; langid \OT1/cmr/m/n/10 =
 []


Overfull \hbox (65.11601pt too wide) in paragraph at lines 560--575
[]\OML/cmm/m/it/10 ; file \OT1/cmr/m/n/10 =
 []


Overfull \hbox (1306.55164pt too wide) in paragraph at lines 560--575
[]$ 
 []


! LaTeX Error: Missing \begin{document}.

See the LaTeX manual or LaTeX Companion for explanation.
Type  H <return>  for immediate help.
 ...                                              
                                                  
l.576 @
       inproceedings{bhowmik_reproducible_2014,
You're in trouble here.  Try typing  <return>  to proceed.
If that doesn't work, type  X <return>  to quit.

Missing character: There is no @ in font nullfont!
Missing character: There is no i in font nullfont!
Missing character: There is no n in font nullfont!
Missing character: There is no p in font nullfont!
Missing character: There is no r in font nullfont!
Missing character: There is no o in font nullfont!
Missing character: There is no c in font nullfont!
Missing character: There is no e in font nullfont!
Missing character: There is no e in font nullfont!
Missing character: There is no d in font nullfont!
Missing character: There is no i in font nullfont!
Missing character: There is no n in font nullfont!
Missing character: There is no g in font nullfont!
Missing character: There is no s in font nullfont!
Missing character: There is no b in font nullfont!
Missing character: There is no h in font nullfont!
Missing character: There is no o in font nullfont!
Missing character: There is no w in font nullfont!
Missing character: There is no m in font nullfont!
Missing character: There is no i in font nullfont!
Missing character: There is no k in font nullfont!
! Missing $ inserted.
<inserted text> 
                $
l.576 @inproceedings{bhowmik_
                             reproducible_2014,
I've inserted a begin-math/end-math symbol since I think
you left one out. Proceed, with fingers crossed.

! Extra }, or forgotten $.
l.586 }
       
I've deleted a group-closing symbol because it seems to be
spurious, as in `$x}$'. But perhaps the } is legitimate and
you forgot something else, as in `\hbox{$x}'. In such cases
the way to recover is to insert both the forgotten and the
deleted material, e.g., by typing `I$}'.

! Missing $ inserted.
<inserted text> 
                $
l.587 
      
I've inserted a begin-math/end-math symbol since I think
you left one out. Proceed, with fingers crossed.

Missing character: There is no ä in font cmmi10!

Overfull \hbox (144.61617pt too wide) in paragraph at lines 576--587
[]$[]\OML/cmm/m/it/10 eproducible[]\OT1/cmr/m/n/10 014\OML/cmm/m/it/10 ; locati
on \OT1/cmr/m/n/10 =
 []


Overfull \hbox (136.54369pt too wide) in paragraph at lines 576--587
[]\OML/cmm/m/it/10 ; title \OT1/cmr/m/n/10 =
 []


Overfull \hbox (665.65952pt too wide) in paragraph at lines 576--587
[]\OML/cmm/m/it/10 ; rights \OT1/cmr/m/n/10 =
 []


Overfull \hbox (56.06895pt too wide) in paragraph at lines 576--587
[]\OML/cmm/m/it/10 ; doi \OT1/cmr/m/n/10 =
 []


Overfull \hbox (177.11758pt too wide) in paragraph at lines 576--587
[]\OML/cmm/m/it/10 ; eventtitle \OT1/cmr/m/n/10 =
 []


Overfull \hbox (422.30473pt too wide) in paragraph at lines 576--587
[]\OML/cmm/m/it/10 ; pages \OT1/cmr/m/n/10 =
 []


Overfull \hbox (93.01108pt too wide) in paragraph at lines 576--587
[]\OML/cmm/m/it/10 ; booktitle \OT1/cmr/m/n/10 =
 []


Overfull \hbox (714.31969pt too wide) in paragraph at lines 576--587
[]\OML/cmm/m/it/10 ; author \OT1/cmr/m/n/10 =
 []


Overfull \hbox (303.08047pt too wide) in paragraph at lines 576--587
[]\OML/cmm/m/it/10 ; date \OT1/cmr/m/n/10 =
 []


Overfull \hbox (20.00006pt too wide) in paragraph at lines 576--587
[]$ 
 []


! LaTeX Error: Missing \begin{document}.

See the LaTeX manual or LaTeX Companion for explanation.
Type  H <return>  for immediate help.
 ...                                              
                                                  
l.588 @
       incollection{bhowmik_environmental_2009,
You're in trouble here.  Try typing  <return>  to proceed.
If that doesn't work, type  X <return>  to quit.

Missing character: There is no @ in font nullfont!
Missing character: There is no i in font nullfont!
Missing character: There is no n in font nullfont!
Missing character: There is no c in font nullfont!
Missing character: There is no o in font nullfont!
Missing character: There is no l in font nullfont!
Missing character: There is no l in font nullfont!
Missing character: There is no e in font nullfont!
Missing character: There is no c in font nullfont!
Missing character: There is no t in font nullfont!
Missing character: There is no i in font nullfont!
Missing character: There is no o in font nullfont!
Missing character: There is no n in font nullfont!
Missing character: There is no b in font nullfont!
Missing character: There is no h in font nullfont!
Missing character: There is no o in font nullfont!
Missing character: There is no w in font nullfont!
Missing character: There is no m in font nullfont!
Missing character: There is no i in font nullfont!
Missing character: There is no k in font nullfont!
! Missing $ inserted.
<inserted text> 
                $
l.588 @incollection{bhowmik_
                            environmental_2009,
I've inserted a begin-math/end-math symbol since I think
you left one out. Proceed, with fingers crossed.

! Extra }, or forgotten $.
l.599 }
       
I've deleted a group-closing symbol because it seems to be
spurious, as in `$x}$'. But perhaps the } is legitimate and
you forgot something else, as in `\hbox{$x}'. In such cases
the way to recover is to insert both the forgotten and the
deleted material, e.g., by typing `I$}'.

! Missing $ inserted.
<inserted text> 
                $
l.600 
      
I've inserted a begin-math/end-math symbol since I think
you left one out. Proceed, with fingers crossed.


Overfull \hbox (138.8964pt too wide) in paragraph at lines 588--600
[]$[]\OML/cmm/m/it/10 nvironmental[]\OT1/cmr/m/n/10 009\OML/cmm/m/it/10 ; title
 \OT1/cmr/m/n/10 =
 []


Overfull \hbox (438.33719pt too wide) in paragraph at lines 588--600
[]\OML/cmm/m/it/10 ; rights \OT1/cmr/m/n/10 =
 []


Overfull \hbox (59.91643pt too wide) in paragraph at lines 588--600
[]\OML/cmm/m/it/10 ; isbn \OT1/cmr/m/n/10 =
 []


Overfull \hbox (153.67804pt too wide) in paragraph at lines 588--600
[]\OML/cmm/m/it/10 ; pages \OT1/cmr/m/n/10 =
 []


Overfull \hbox (89.24428pt too wide) in paragraph at lines 588--600
[]\OML/cmm/m/it/10 ; number \OT1/cmr/m/n/10 =
 []


Overfull \hbox (58.0111pt too wide) in paragraph at lines 588--600
\OT1/cmr/m/n/10 4\OML/cmm/m/it/10 ; booktitle \OT1/cmr/m/n/10 =
 []


Overfull \hbox (119.43776pt too wide) in paragraph at lines 588--600
[]\OML/cmm/m/it/10 ; publisher \OT1/cmr/m/n/10 =
 []


Overfull \hbox (313.50604pt too wide) in paragraph at lines 588--600
[]\OML/cmm/m/it/10 ; author \OT1/cmr/m/n/10 =
 []


Overfull \hbox (235.38728pt too wide) in paragraph at lines 588--600
[]\OML/cmm/m/it/10 ; editor \OT1/cmr/m/n/10 =
 []


Overfull \hbox (101.9278pt too wide) in paragraph at lines 588--600
[]\OML/cmm/m/it/10 ; date \OT1/cmr/m/n/10 =
 []


Overfull \hbox (20.00006pt too wide) in paragraph at lines 588--600
[]$ 
 []


! LaTeX Error: Missing \begin{document}.

See the LaTeX manual or LaTeX Companion for explanation.
Type  H <return>  for immediate help.
 ...                                              
                                                  
l.601 @
       article{eqani_mercury_2016,
You're in trouble here.  Try typing  <return>  to proceed.
If that doesn't work, type  X <return>  to quit.

Missing character: There is no @ in font nullfont!
Missing character: There is no a in font nullfont!
Missing character: There is no r in font nullfont!
Missing character: There is no t in font nullfont!
Missing character: There is no i in font nullfont!
Missing character: There is no c in font nullfont!
Missing character: There is no l in font nullfont!
Missing character: There is no e in font nullfont!
Missing character: There is no e in font nullfont!
Missing character: There is no q in font nullfont!
Missing character: There is no a in font nullfont!
Missing character: There is no n in font nullfont!
Missing character: There is no i in font nullfont!
! Missing $ inserted.
<inserted text> 
                $
l.601 @article{eqani_
                     mercury_2016,
I've inserted a begin-math/end-math symbol since I think
you left one out. Proceed, with fingers crossed.

! Extra }, or forgotten $.
l.614 }
       
I've deleted a group-closing symbol because it seems to be
spurious, as in `$x}$'. But perhaps the } is legitimate and
you forgot something else, as in `\hbox{$x}'. In such cases
the way to recover is to insert both the forgotten and the
deleted material, e.g., by typing `I$}'.

! Missing $ inserted.
<inserted text> 
                $
l.615 
      
I've inserted a begin-math/end-math symbol since I think
you left one out. Proceed, with fingers crossed.


Overfull \hbox (109.77637pt too wide) in paragraph at lines 601--615
[]$[]\OML/cmm/m/it/10 ercury[]\OT1/cmr/m/n/10 016\OML/cmm/m/it/10 ; title \OT1/
cmr/m/n/10 =
 []


Overfull \hbox (453.74149pt too wide) in paragraph at lines 601--615
[]\OML/cmm/m/it/10 ; volume \OT1/cmr/m/n/10 =
 []


Overfull \hbox (76.04463pt too wide) in paragraph at lines 601--615
[]\OML/cmm/m/it/10 ; issn \OT1/cmr/m/n/10 =
 []


Overfull \hbox (68.69456pt too wide) in paragraph at lines 601--615
[]\OML/cmm/m/it/10 ; url \OT1/cmr/m/n/10 =
 []


Overfull \hbox (321.02031pt too wide) in paragraph at lines 601--615
[]\OML/cmm/m/it/10 ; doi \OT1/cmr/m/n/10 =
 []


Overfull \hbox (178.20767pt too wide) in paragraph at lines 601--615
[]\OML/cmm/m/it/10 ; pages \OT1/cmr/m/n/10 =
 []


Overfull \hbox (118.02463pt too wide) in paragraph at lines 601--615
[]\OML/cmm/m/it/10 ; journaltitle \OT1/cmr/m/n/10 =
 []


Overfull \hbox (193.07118pt too wide) in paragraph at lines 601--615
[]\OML/cmm/m/it/10 ; author \OT1/cmr/m/n/10 =
 []


Overfull \hbox (900.67967pt too wide) in paragraph at lines 601--615
[]\OML/cmm/m/it/10 ; urldate \OT1/cmr/m/n/10 =
 []


Overfull \hbox (98.20245pt too wide) in paragraph at lines 601--615
[]\OML/cmm/m/it/10 ; date \OT1/cmr/m/n/10 =
 []


Overfull \hbox (85.46942pt too wide) in paragraph at lines 601--615
[]\OML/cmm/m/it/10 ; langid \OT1/cmr/m/n/10 =
 []


Overfull \hbox (65.11601pt too wide) in paragraph at lines 601--615
[]\OML/cmm/m/it/10 ; file \OT1/cmr/m/n/10 =
 []


Overfull \hbox (1259.83308pt too wide) in paragraph at lines 601--615
[]$ 
 []


! LaTeX Error: Missing \begin{document}.

See the LaTeX manual or LaTeX Companion for explanation.
Type  H <return>  for immediate help.
 ...                                              
                                                  
l.616 @
       article{eqani_spatial_2016,
You're in trouble here.  Try typing  <return>  to proceed.
If that doesn't work, type  X <return>  to quit.

Missing character: There is no @ in font nullfont!
Missing character: There is no a in font nullfont!
Missing character: There is no r in font nullfont!
Missing character: There is no t in font nullfont!
Missing character: There is no i in font nullfont!
Missing character: There is no c in font nullfont!
Missing character: There is no l in font nullfont!
Missing character: There is no e in font nullfont!
Missing character: There is no e in font nullfont!
Missing character: There is no q in font nullfont!
Missing character: There is no a in font nullfont!
Missing character: There is no n in font nullfont!
Missing character: There is no i in font nullfont!
! Missing $ inserted.
<inserted text> 
                $
l.616 @article{eqani_
                     spatial_2016,
I've inserted a begin-math/end-math symbol since I think
you left one out. Proceed, with fingers crossed.

! Extra }, or forgotten $.
l.630 }
       
I've deleted a group-closing symbol because it seems to be
spurious, as in `$x}$'. But perhaps the } is legitimate and
you forgot something else, as in `\hbox{$x}'. In such cases
the way to recover is to insert both the forgotten and the
deleted material, e.g., by typing `I$}'.

! Missing $ inserted.
<inserted text> 
                $
l.631 
      
I've inserted a begin-math/end-math symbol since I think
you left one out. Proceed, with fingers crossed.

Missing character: There is no – in font cmr10!

Overfull \hbox (102.90768pt too wide) in paragraph at lines 616--631
[]$[]\OML/cmm/m/it/10 patial[]\OT1/cmr/m/n/10 016\OML/cmm/m/it/10 ; title \OT1/
cmr/m/n/10 =
 []


Overfull \hbox (485.27882pt too wide) in paragraph at lines 616--631
[]\OML/cmm/m/it/10 ; volume \OT1/cmr/m/n/10 =
 []


Overfull \hbox (57.42313pt too wide) in paragraph at lines 616--631
[]\OML/cmm/m/it/10 ; rights \OT1/cmr/m/n/10 =
 []


Overfull \hbox (57.19885pt too wide) in paragraph at lines 616--631
[]\OML/cmm/m/it/10 ; issn \OT1/cmr/m/n/10 =
 []


Overfull \hbox (68.69456pt too wide) in paragraph at lines 616--631
[]\OML/cmm/m/it/10 ; url \OT1/cmr/m/n/10 =
 []


Overfull \hbox (325.08972pt too wide) in paragraph at lines 616--631
[]\OML/cmm/m/it/10 ; doi \OT1/cmr/m/n/10 =
 []


Overfull \hbox (166.73708pt too wide) in paragraph at lines 616--631
[]\OML/cmm/m/it/10 ; pages \OT1/cmr/m/n/10 =
 []


Overfull \hbox (118.02463pt too wide) in paragraph at lines 616--631
[]\OML/cmm/m/it/10 ; journaltitle \OT1/cmr/m/n/10 =
 []


Overfull \hbox (157.43457pt too wide) in paragraph at lines 616--631
[]\OML/cmm/m/it/10 ; author \OT1/cmr/m/n/10 =
 []


Overfull \hbox (1030.70712pt too wide) in paragraph at lines 616--631
[]\OML/cmm/m/it/10 ; urldate \OT1/cmr/m/n/10 =
 []


Overfull \hbox (98.20245pt too wide) in paragraph at lines 616--631
[]\OML/cmm/m/it/10 ; date \OT1/cmr/m/n/10 =
 []


Overfull \hbox (85.46942pt too wide) in paragraph at lines 616--631
[]\OML/cmm/m/it/10 ; langid \OT1/cmr/m/n/10 =
 []


Overfull \hbox (65.11601pt too wide) in paragraph at lines 616--631
[]\OML/cmm/m/it/10 ; file \OT1/cmr/m/n/10 =
 []


Overfull \hbox (998.94034pt too wide) in paragraph at lines 616--631
[]$ 
 []


! LaTeX Error: Missing \begin{document}.

See the LaTeX manual or LaTeX Companion for explanation.
Type  H <return>  for immediate help.
 ...                                              
                                                  
l.632 @
       article{schreiner_pesticide_2016,
You're in trouble here.  Try typing  <return>  to proceed.
If that doesn't work, type  X <return>  to quit.

Missing character: There is no @ in font nullfont!
Missing character: There is no a in font nullfont!
Missing character: There is no r in font nullfont!
Missing character: There is no t in font nullfont!
Missing character: There is no i in font nullfont!
Missing character: There is no c in font nullfont!
Missing character: There is no l in font nullfont!
Missing character: There is no e in font nullfont!
Missing character: There is no s in font nullfont!
Missing character: There is no c in font nullfont!
Missing character: There is no h in font nullfont!
Missing character: There is no r in font nullfont!
Missing character: There is no e in font nullfont!
Missing character: There is no i in font nullfont!
Missing character: There is no n in font nullfont!
Missing character: There is no e in font nullfont!
Missing character: There is no r in font nullfont!
! Missing $ inserted.
<inserted text> 
                $
l.632 @article{schreiner_
                         pesticide_2016,
I've inserted a begin-math/end-math symbol since I think
you left one out. Proceed, with fingers crossed.

! Extra }, or forgotten $.
l.645 }
       
I've deleted a group-closing symbol because it seems to be
spurious, as in `$x}$'. But perhaps the } is legitimate and
you forgot something else, as in `\hbox{$x}'. In such cases
the way to recover is to insert both the forgotten and the
deleted material, e.g., by typing `I$}'.

! Missing $ inserted.
<inserted text> 
                $
l.646 
      
I've inserted a begin-math/end-math symbol since I think
you left one out. Proceed, with fingers crossed.

Missing character: There is no ö in font cmmi10!
Missing character: There is no ä in font cmmi10!

Overfull \hbox (111.64647pt too wide) in paragraph at lines 632--646
[]$[]\OML/cmm/m/it/10 esticide[]\OT1/cmr/m/n/10 016\OML/cmm/m/it/10 ; title \OT
1/cmr/m/n/10 =
 []


Overfull \hbox (358.90831pt too wide) in paragraph at lines 632--646
[]\OML/cmm/m/it/10 ; volume \OT1/cmr/m/n/10 =
 []


Overfull \hbox (48.82245pt too wide) in paragraph at lines 632--646
[]\OML/cmm/m/it/10 ; issn \OT1/cmr/m/n/10 =
 []


Overfull \hbox (80.9167pt too wide) in paragraph at lines 632--646
[]\OML/cmm/m/it/10 ; url \OT1/cmr/m/n/10 =
 []


Overfull \hbox (348.80629pt too wide) in paragraph at lines 632--646
[]\OML/cmm/m/it/10 ; doi \OT1/cmr/m/n/10 =
 []


Overfull \hbox (275.3947pt too wide) in paragraph at lines 632--646
[]\OML/cmm/m/it/10 ; abstract \OT1/cmr/m/n/10 =
 []


Overfull \hbox (5522.71236pt too wide) in paragraph at lines 632--646
[]\OML/cmm/m/it/10 ; pages \OT1/cmr/m/n/10 =
 []


Overfull \hbox (118.02463pt too wide) in paragraph at lines 632--646
[]\OML/cmm/m/it/10 ; journaltitle \OT1/cmr/m/n/10 =
 []


Overfull \hbox (193.07118pt too wide) in paragraph at lines 632--646
[]\OML/cmm/m/it/10 ; author \OT1/cmr/m/n/10 =
 []


Overfull \hbox (507.23787pt too wide) in paragraph at lines 632--646
[]\OML/cmm/m/it/10 ; date \OT1/cmr/m/n/10 =
 []


Overfull \hbox (77.3959pt too wide) in paragraph at lines 632--646
[]\OML/cmm/m/it/10 ; keywords \OT1/cmr/m/n/10 =
 []


Overfull \hbox (129.29562pt too wide) in paragraph at lines 632--646
[]\OML/cmm/m/it/10 ; file \OT1/cmr/m/n/10 =
 []


Overfull \hbox (2018.98149pt too wide) in paragraph at lines 632--646
[]$ 
 []


! LaTeX Error: Missing \begin{document}.

See the LaTeX manual or LaTeX Companion for explanation.
Type  H <return>  for immediate help.
 ...                                              
                                                  
l.647 @
       report{schlosser_5_2016,
You're in trouble here.  Try typing  <return>  to proceed.
If that doesn't work, type  X <return>  to quit.

Missing character: There is no @ in font nullfont!
Missing character: There is no r in font nullfont!
Missing character: There is no e in font nullfont!
Missing character: There is no p in font nullfont!
Missing character: There is no o in font nullfont!
Missing character: There is no r in font nullfont!
Missing character: There is no t in font nullfont!
Missing character: There is no s in font nullfont!
Missing character: There is no c in font nullfont!
Missing character: There is no h in font nullfont!
Missing character: There is no l in font nullfont!
Missing character: There is no o in font nullfont!
Missing character: There is no s in font nullfont!
Missing character: There is no s in font nullfont!
Missing character: There is no e in font nullfont!
Missing character: There is no r in font nullfont!
! Missing $ inserted.
<inserted text> 
                $
l.647 @report{schlosser_
                        5_2016,
I've inserted a begin-math/end-math symbol since I think
you left one out. Proceed, with fingers crossed.

! Double subscript.
l.647 @report{schlosser_5_
                          2016,
I treat `x_1_2' essentially like `x_1{}_2'.


LaTeX Warning: Command \textless invalid in math mode on input line 652.

LaTeX Font Info:    Try loading font information for OML+lmr on input line 652.

(/usr/local/texlive/2018/texmf-dist/tex/latex/lm/omllmr.fd
File: omllmr.fd 2009/10/30 v1.6 Font defs for Latin Modern
)
LaTeX Font Info:    Try loading font information for OML+lmm on input line 652.

(/usr/local/texlive/2018/texmf-dist/tex/latex/lm/omllmm.fd
File: omllmm.fd 2009/10/30 v1.6 Font defs for Latin Modern
)
LaTeX Font Info:    Font shape `OML/lmr/m/n' in size <10> not available
(Font)              Font shape `OML/lmm/m/it' tried instead on input line 652.

LaTeX Warning: Command \textless invalid in math mode on input line 652.

! Extra }, or forgotten $.
l.660 }
       
I've deleted a group-closing symbol because it seems to be
spurious, as in `$x}$'. But perhaps the } is legitimate and
you forgot something else, as in `\hbox{$x}'. In such cases
the way to recover is to insert both the forgotten and the
deleted material, e.g., by typing `I$}'.

! Missing $ inserted.
<inserted text> 
                $
l.661 
      
I've inserted a begin-math/end-math symbol since I think
you left one out. Proceed, with fingers crossed.

Missing character: There is no ̊ in font cmmi10!
Missing character: There is no ̊ in font cmmi10!
Missing character: There is no ̊ in font cmmi10!
Missing character: There is no ̊ in font cmmi10!
Missing character: There is no ̊ in font cmmi10!
Missing character: There is no ̊ in font cmmi10!
Missing character: There is no ̊ in font cmmi10!

Overfull \hbox (94.5193pt too wide) in paragraph at lines 647--661
[]$[][]\OT1/cmr/m/n/10 016\OML/cmm/m/it/10 ; location \OT1/cmr/m/n/10 =
 []


Overfull \hbox (77.89883pt too wide) in paragraph at lines 647--661
[]\OML/cmm/m/it/10 ; title \OT1/cmr/m/n/10 =
 []


Overfull \hbox (147.2376pt too wide) in paragraph at lines 647--661
[]\OML/cmm/m/it/10 ; rights \OT1/cmr/m/n/10 =
 []


Overfull \hbox (56.41904pt too wide) in paragraph at lines 647--661
[]\OML/cmm/m/it/10 ; url \OT1/cmr/m/n/10 =
 []


Overfull \hbox (622.49171pt too wide) in paragraph at lines 647--661
[]\OML/cmm/m/it/10 ; abstract \OT1/cmr/m/n/10 =
 []


Overfull \hbox (5376.65573pt too wide) in paragraph at lines 647--661
[]\OML/cmm/m/it/10 ; pages \OT1/cmr/m/n/10 =
 []


Overfull \hbox (73.4327pt too wide) in paragraph at lines 647--661
[]\OML/cmm/m/it/10 ; institution \OT1/cmr/m/n/10 =
 []


Overfull \hbox (585.14265pt too wide) in paragraph at lines 647--661
[]\OML/cmm/m/it/10 ; type \OT1/cmr/m/n/10 =
 []


Overfull \hbox (245.19041pt too wide) in paragraph at lines 647--661
[]\OML/cmm/m/it/10 ; author \OT1/cmr/m/n/10 =
 []


Overfull \hbox (2463.36983pt too wide) in paragraph at lines 647--661
[]\OML/cmm/m/it/10 ; urldate \OT1/cmr/m/n/10 =
 []


Overfull \hbox (98.20245pt too wide) in paragraph at lines 647--661
[]\OML/cmm/m/it/10 ; date \OT1/cmr/m/n/10 =
 []


Overfull \hbox (52.25421pt too wide) in paragraph at lines 647--661
[]\OML/cmm/m/it/10 ; file \OT1/cmr/m/n/10 =
 []


Overfull \hbox (1699.7926pt too wide) in paragraph at lines 647--661
[]$ 
 []


! LaTeX Error: Missing \begin{document}.

See the LaTeX manual or LaTeX Companion for explanation.
Type  H <return>  for immediate help.
 ...                                              
                                                  
l.662 @
       article{arowolo_comparison_2017,
You're in trouble here.  Try typing  <return>  to proceed.
If that doesn't work, type  X <return>  to quit.

Missing character: There is no @ in font nullfont!
Missing character: There is no a in font nullfont!
Missing character: There is no r in font nullfont!
Missing character: There is no t in font nullfont!
Missing character: There is no i in font nullfont!
Missing character: There is no c in font nullfont!
Missing character: There is no l in font nullfont!
Missing character: There is no e in font nullfont!
Missing character: There is no a in font nullfont!
Missing character: There is no r in font nullfont!
Missing character: There is no o in font nullfont!
Missing character: There is no w in font nullfont!
Missing character: There is no o in font nullfont!
Missing character: There is no l in font nullfont!
Missing character: There is no o in font nullfont!
! Missing $ inserted.
<inserted text> 
                $
l.662 @article{arowolo_
                       comparison_2017,
I've inserted a begin-math/end-math symbol since I think
you left one out. Proceed, with fingers crossed.

! Extra }, or forgotten $.
l.674 }
       
I've deleted a group-closing symbol because it seems to be
spurious, as in `$x}$'. But perhaps the } is legitimate and
you forgot something else, as in `\hbox{$x}'. In such cases
the way to recover is to insert both the forgotten and the
deleted material, e.g., by typing `I$}'.

! Missing $ inserted.
<inserted text> 
                $
l.675 
      
I've inserted a begin-math/end-math symbol since I think
you left one out. Proceed, with fingers crossed.


Overfull \hbox (124.78012pt too wide) in paragraph at lines 662--675
[]$[]\OML/cmm/m/it/10 omparison[]\OT1/cmr/m/n/10 017\OML/cmm/m/it/10 ; title \O
T1/cmr/m/n/10 =
 []


Overfull \hbox (487.45425pt too wide) in paragraph at lines 662--675
[]\OML/cmm/m/it/10 ; issn \OT1/cmr/m/n/10 =
 []


Overfull \hbox (68.69456pt too wide) in paragraph at lines 662--675
[]\OML/cmm/m/it/10 ; url \OT1/cmr/m/n/10 =
 []


Overfull \hbox (205.24602pt too wide) in paragraph at lines 662--675
[]\OML/cmm/m/it/10 ; doi \OT1/cmr/m/n/10 =
 []


Overfull \hbox (131.62193pt too wide) in paragraph at lines 662--675
[]\OML/cmm/m/it/10 ; shorttitle \OT1/cmr/m/n/10 =
 []


Overfull \hbox (86.11147pt too wide) in paragraph at lines 662--675
[]\OML/cmm/m/it/10 ; journaltitle \OT1/cmr/m/n/10 =
 []


Overfull \hbox (209.50668pt too wide) in paragraph at lines 662--675
[]\OML/cmm/m/it/10 ; author \OT1/cmr/m/n/10 =
 []


Overfull \hbox (427.02322pt too wide) in paragraph at lines 662--675
[]\OML/cmm/m/it/10 ; urldate \OT1/cmr/m/n/10 =
 []


Overfull \hbox (98.20245pt too wide) in paragraph at lines 662--675
[]\OML/cmm/m/it/10 ; date \OT1/cmr/m/n/10 =
 []


Overfull \hbox (85.46942pt too wide) in paragraph at lines 662--675
[]\OML/cmm/m/it/10 ; langid \OT1/cmr/m/n/10 =
 []


Overfull \hbox (65.11601pt too wide) in paragraph at lines 662--675
[]\OML/cmm/m/it/10 ; file \OT1/cmr/m/n/10 =
 []


Overfull \hbox (1168.35371pt too wide) in paragraph at lines 662--675
[]$ 
 []


! LaTeX Error: Missing \begin{document}.

See the LaTeX manual or LaTeX Companion for explanation.
Type  H <return>  for immediate help.
 ...                                              
                                                  
l.676 @
       article{sohail_persistent_2017,
You're in trouble here.  Try typing  <return>  to proceed.
If that doesn't work, type  X <return>  to quit.

Missing character: There is no @ in font nullfont!
Missing character: There is no a in font nullfont!
Missing character: There is no r in font nullfont!
Missing character: There is no t in font nullfont!
Missing character: There is no i in font nullfont!
Missing character: There is no c in font nullfont!
Missing character: There is no l in font nullfont!
Missing character: There is no e in font nullfont!
Missing character: There is no s in font nullfont!
Missing character: There is no o in font nullfont!
Missing character: There is no h in font nullfont!
Missing character: There is no a in font nullfont!
Missing character: There is no i in font nullfont!
Missing character: There is no l in font nullfont!
! Missing $ inserted.
<inserted text> 
                $
l.676 @article{sohail_
                      persistent_2017,
I've inserted a begin-math/end-math symbol since I think
you left one out. Proceed, with fingers crossed.

! Extra }, or forgotten $.
l.684 }
       
I've deleted a group-closing symbol because it seems to be
spurious, as in `$x}$'. But perhaps the } is legitimate and
you forgot something else, as in `\hbox{$x}'. In such cases
the way to recover is to insert both the forgotten and the
deleted material, e.g., by typing `I$}'.

! Missing $ inserted.
<inserted text> 
                $
l.685 
      
I've inserted a begin-math/end-math symbol since I think
you left one out. Proceed, with fingers crossed.


Overfull \hbox (117.75925pt too wide) in paragraph at lines 676--685
[]$[]\OML/cmm/m/it/10 ersistent[]\OT1/cmr/m/n/10 017\OML/cmm/m/it/10 ; title \O
T1/cmr/m/n/10 =
 []


Overfull \hbox (779.61568pt too wide) in paragraph at lines 676--685
[]\OML/cmm/m/it/10 ; volume \OT1/cmr/m/n/10 =
 []


Overfull \hbox (43.4972pt too wide) in paragraph at lines 676--685
[]\OML/cmm/m/it/10 ; doi \OT1/cmr/m/n/10 =
 []


Overfull \hbox (255.28355pt too wide) in paragraph at lines 676--685
[]\OML/cmm/m/it/10 ; pages \OT1/cmr/m/n/10 =
 []


Overfull \hbox (110.24683pt too wide) in paragraph at lines 676--685
[]\OML/cmm/m/it/10 ; journaltitle \OT1/cmr/m/n/10 =
 []


Overfull \hbox (189.44965pt too wide) in paragraph at lines 676--685
[]\OML/cmm/m/it/10 ; author \OT1/cmr/m/n/10 =
 []


Overfull \hbox (689.3887pt too wide) in paragraph at lines 676--685
[]\OML/cmm/m/it/10 ; date \OT1/cmr/m/n/10 =
 []


Overfull \hbox (20.00006pt too wide) in paragraph at lines 676--685
[]$ 
 []


! LaTeX Error: Missing \begin{document}.

See the LaTeX manual or LaTeX Companion for explanation.
Type  H <return>  for immediate help.
 ...                                              
                                                  
l.686 @
       article{padmanaban_modelling_2017,
You're in trouble here.  Try typing  <return>  to proceed.
If that doesn't work, type  X <return>  to quit.

Missing character: There is no @ in font nullfont!
Missing character: There is no a in font nullfont!
Missing character: There is no r in font nullfont!
Missing character: There is no t in font nullfont!
Missing character: There is no i in font nullfont!
Missing character: There is no c in font nullfont!
Missing character: There is no l in font nullfont!
Missing character: There is no e in font nullfont!
Missing character: There is no p in font nullfont!
Missing character: There is no a in font nullfont!
Missing character: There is no d in font nullfont!
Missing character: There is no m in font nullfont!
Missing character: There is no a in font nullfont!
Missing character: There is no n in font nullfont!
Missing character: There is no a in font nullfont!
Missing character: There is no b in font nullfont!
Missing character: There is no a in font nullfont!
Missing character: There is no n in font nullfont!
! Missing $ inserted.
<inserted text> 
                $
l.686 @article{padmanaban_
                          modelling_2017,
I've inserted a begin-math/end-math symbol since I think
you left one out. Proceed, with fingers crossed.

! Extra }, or forgotten $.
l.701 }
       
I've deleted a group-closing symbol because it seems to be
spurious, as in `$x}$'. But perhaps the } is legitimate and
you forgot something else, as in `\hbox{$x}'. In such cases
the way to recover is to insert both the forgotten and the
deleted material, e.g., by typing `I$}'.

! Missing $ inserted.
<inserted text> 
                $
l.702 
      
I've inserted a begin-math/end-math symbol since I think
you left one out. Proceed, with fingers crossed.


Overfull \hbox (115.87308pt too wide) in paragraph at lines 686--702
[]$[]\OML/cmm/m/it/10 odelling[]\OT1/cmr/m/n/10 017\OML/cmm/m/it/10 ; title \OT
1/cmr/m/n/10 =
 []


Overfull \hbox (468.48112pt too wide) in paragraph at lines 686--702
[]\OML/cmm/m/it/10 ; volume \OT1/cmr/m/n/10 =
 []


Overfull \hbox (43.82243pt too wide) in paragraph at lines 686--702
[]\OML/cmm/m/it/10 ; issn \OT1/cmr/m/n/10 =
 []


Overfull \hbox (80.9167pt too wide) in paragraph at lines 686--702
[]\OML/cmm/m/it/10 ; url \OT1/cmr/m/n/10 =
 []


Overfull \hbox (235.3245pt too wide) in paragraph at lines 686--702
[]\OML/cmm/m/it/10 ; doi \OT1/cmr/m/n/10 =
 []


Overfull \hbox (139.6352pt too wide) in paragraph at lines 686--702
[]\OML/cmm/m/it/10 ; shorttitle \OT1/cmr/m/n/10 =
 []


Overfull \hbox (271.43753pt too wide) in paragraph at lines 686--702
[]\OML/cmm/m/it/10 ; pages \OT1/cmr/m/n/10 =
 []


Overfull \hbox (64.24432pt too wide) in paragraph at lines 686--702
[]\OML/cmm/m/it/10 ; number \OT1/cmr/m/n/10 =
 []


Overfull \hbox (73.02461pt too wide) in paragraph at lines 686--702
\OT1/cmr/m/n/10 4\OML/cmm/m/it/10 ; journaltitle \OT1/cmr/m/n/10 =
 []


Overfull \hbox (82.5209pt too wide) in paragraph at lines 686--702
[]\OML/cmm/m/it/10 ; author \OT1/cmr/m/n/10 =
 []


Overfull \hbox (640.93518pt too wide) in paragraph at lines 686--702
[]\OML/cmm/m/it/10 ; urldate \OT1/cmr/m/n/10 =
 []


Overfull \hbox (98.20245pt too wide) in paragraph at lines 686--702
[]\OML/cmm/m/it/10 ; date \OT1/cmr/m/n/10 =
 []


Overfull \hbox (107.69159pt too wide) in paragraph at lines 686--702
[]\OML/cmm/m/it/10 ; langid \OT1/cmr/m/n/10 =
 []


Overfull \hbox (65.11601pt too wide) in paragraph at lines 686--702
[]\OML/cmm/m/it/10 ; file \OT1/cmr/m/n/10 =
 []


Overfull \hbox (881.35057pt too wide) in paragraph at lines 686--702
[]$ 
 []


! LaTeX Error: Missing \begin{document}.

See the LaTeX manual or LaTeX Companion for explanation.
Type  H <return>  for immediate help.
 ...                                              
                                                  
l.703 @
       inproceedings{bhowmik_interpolation_2011,
You're in trouble here.  Try typing  <return>  to proceed.
If that doesn't work, type  X <return>  to quit.

Missing character: There is no @ in font nullfont!
Missing character: There is no i in font nullfont!
Missing character: There is no n in font nullfont!
Missing character: There is no p in font nullfont!
Missing character: There is no r in font nullfont!
Missing character: There is no o in font nullfont!
Missing character: There is no c in font nullfont!
Missing character: There is no e in font nullfont!
Missing character: There is no e in font nullfont!
Missing character: There is no d in font nullfont!
Missing character: There is no i in font nullfont!
Missing character: There is no n in font nullfont!
Missing character: There is no g in font nullfont!
Missing character: There is no s in font nullfont!
Missing character: There is no b in font nullfont!
Missing character: There is no h in font nullfont!
Missing character: There is no o in font nullfont!
Missing character: There is no w in font nullfont!
Missing character: There is no m in font nullfont!
Missing character: There is no i in font nullfont!
Missing character: There is no k in font nullfont!
! Missing $ inserted.
<inserted text> 
                $
l.703 @inproceedings{bhowmik_
                             interpolation_2011,
I've inserted a begin-math/end-math symbol since I think
you left one out. Proceed, with fingers crossed.

! Extra }, or forgotten $.
l.710 }
       
I've deleted a group-closing symbol because it seems to be
spurious, as in `$x}$'. But perhaps the } is legitimate and
you forgot something else, as in `\hbox{$x}'. In such cases
the way to recover is to insert both the forgotten and the
deleted material, e.g., by typing `I$}'.

! Missing $ inserted.
<inserted text> 
                $
l.711 
      
I've inserted a begin-math/end-math symbol since I think
you left one out. Proceed, with fingers crossed.

Missing character: There is no ü in font cmmi10!

Overfull \hbox (148.67232pt too wide) in paragraph at lines 703--711
[]$[]\OML/cmm/m/it/10 nterpolation[]\OT1/cmr/m/n/10 011\OML/cmm/m/it/10 ; locat
ion \OT1/cmr/m/n/10 =
 []


Overfull \hbox (114.56932pt too wide) in paragraph at lines 703--711
[]\OML/cmm/m/it/10 ; title \OT1/cmr/m/n/10 =
 []


Overfull \hbox (424.89436pt too wide) in paragraph at lines 703--711
[]\OML/cmm/m/it/10 ; rights \OT1/cmr/m/n/10 =
 []


Overfull \hbox (117.10219pt too wide) in paragraph at lines 703--711
[]\OML/cmm/m/it/10 ; booktitle \OT1/cmr/m/n/10 =
 []


Overfull \hbox (100.5212pt too wide) in paragraph at lines 703--711
[]\OML/cmm/m/it/10 ; author \OT1/cmr/m/n/10 =
 []


Overfull \hbox (103.7808pt too wide) in paragraph at lines 703--711
[]\OML/cmm/m/it/10 ; date \OT1/cmr/m/n/10 =
 []


Overfull \hbox (20.00006pt too wide) in paragraph at lines 703--711
[]$ 
 []


! LaTeX Error: Missing \begin{document}.

See the LaTeX manual or LaTeX Companion for explanation.
Type  H <return>  for immediate help.
 ...                                              
                                                  
l.712 @
       inproceedings{bhowmik_estimating_2015,
You're in trouble here.  Try typing  <return>  to proceed.
If that doesn't work, type  X <return>  to quit.

Missing character: There is no @ in font nullfont!
Missing character: There is no i in font nullfont!
Missing character: There is no n in font nullfont!
Missing character: There is no p in font nullfont!
Missing character: There is no r in font nullfont!
Missing character: There is no o in font nullfont!
Missing character: There is no c in font nullfont!
Missing character: There is no e in font nullfont!
Missing character: There is no e in font nullfont!
Missing character: There is no d in font nullfont!
Missing character: There is no i in font nullfont!
Missing character: There is no n in font nullfont!
Missing character: There is no g in font nullfont!
Missing character: There is no s in font nullfont!
Missing character: There is no b in font nullfont!
Missing character: There is no h in font nullfont!
Missing character: There is no o in font nullfont!
Missing character: There is no w in font nullfont!
Missing character: There is no m in font nullfont!
Missing character: There is no i in font nullfont!
Missing character: There is no k in font nullfont!
! Missing $ inserted.
<inserted text> 
                $
l.712 @inproceedings{bhowmik_
                             estimating_2015,
I've inserted a begin-math/end-math symbol since I think
you left one out. Proceed, with fingers crossed.

! Extra }, or forgotten $.
l.719 }
       
I've deleted a group-closing symbol because it seems to be
spurious, as in `$x}$'. But perhaps the } is legitimate and
you forgot something else, as in `\hbox{$x}'. In such cases
the way to recover is to insert both the forgotten and the
deleted material, e.g., by typing `I$}'.

! Missing $ inserted.
<inserted text> 
                $
l.720 
      
I've inserted a begin-math/end-math symbol since I think
you left one out. Proceed, with fingers crossed.


Overfull \hbox (137.96533pt too wide) in paragraph at lines 712--720
[]$[]\OML/cmm/m/it/10 stimating[]\OT1/cmr/m/n/10 015\OML/cmm/m/it/10 ; location
 \OT1/cmr/m/n/10 =
 []


Overfull \hbox (108.96097pt too wide) in paragraph at lines 712--720
[]\OML/cmm/m/it/10 ; title \OT1/cmr/m/n/10 =
 []


Overfull \hbox (424.08168pt too wide) in paragraph at lines 712--720
[]\OML/cmm/m/it/10 ; rights \OT1/cmr/m/n/10 =
 []


Overfull \hbox (117.10219pt too wide) in paragraph at lines 712--720
[]\OML/cmm/m/it/10 ; booktitle \OT1/cmr/m/n/10 =
 []


Overfull \hbox (215.66254pt too wide) in paragraph at lines 712--720
[]\OML/cmm/m/it/10 ; author \OT1/cmr/m/n/10 =
 []


Overfull \hbox (164.88988pt too wide) in paragraph at lines 712--720
[]\OML/cmm/m/it/10 ; date \OT1/cmr/m/n/10 =
 []


Overfull \hbox (20.00006pt too wide) in paragraph at lines 712--720
[]$ 
 []


! LaTeX Error: Missing \begin{document}.

See the LaTeX manual or LaTeX Companion for explanation.
Type  H <return>  for immediate help.
 ...                                              
                                                  
l.721 @
       inproceedings{bhowmik_automated_2014,
You're in trouble here.  Try typing  <return>  to proceed.
If that doesn't work, type  X <return>  to quit.

Missing character: There is no @ in font nullfont!
Missing character: There is no i in font nullfont!
Missing character: There is no n in font nullfont!
Missing character: There is no p in font nullfont!
Missing character: There is no r in font nullfont!
Missing character: There is no o in font nullfont!
Missing character: There is no c in font nullfont!
Missing character: There is no e in font nullfont!
Missing character: There is no e in font nullfont!
Missing character: There is no d in font nullfont!
Missing character: There is no i in font nullfont!
Missing character: There is no n in font nullfont!
Missing character: There is no g in font nullfont!
Missing character: There is no s in font nullfont!
Missing character: There is no b in font nullfont!
Missing character: There is no h in font nullfont!
Missing character: There is no o in font nullfont!
Missing character: There is no w in font nullfont!
Missing character: There is no m in font nullfont!
Missing character: There is no i in font nullfont!
Missing character: There is no k in font nullfont!
! Missing $ inserted.
<inserted text> 
                $
l.721 @inproceedings{bhowmik_
                             automated_2014,
I've inserted a begin-math/end-math symbol since I think
you left one out. Proceed, with fingers crossed.

! Extra }, or forgotten $.
l.728 }
       
I've deleted a group-closing symbol because it seems to be
spurious, as in `$x}$'. But perhaps the } is legitimate and
you forgot something else, as in `\hbox{$x}'. In such cases
the way to recover is to insert both the forgotten and the
deleted material, e.g., by typing `I$}'.

! Missing $ inserted.
<inserted text> 
                $
l.729 
      
I've inserted a begin-math/end-math symbol since I think
you left one out. Proceed, with fingers crossed.


Overfull \hbox (136.59201pt too wide) in paragraph at lines 721--729
[]$[]\OML/cmm/m/it/10 utomated[]\OT1/cmr/m/n/10 014\OML/cmm/m/it/10 ; location 
\OT1/cmr/m/n/10 =
 []


Overfull \hbox (114.18874pt too wide) in paragraph at lines 721--729
[]\OML/cmm/m/it/10 ; title \OT1/cmr/m/n/10 =
 []


Overfull \hbox (390.03247pt too wide) in paragraph at lines 721--729
[]\OML/cmm/m/it/10 ; rights \OT1/cmr/m/n/10 =
 []


Overfull \hbox (84.58194pt too wide) in paragraph at lines 721--729
[]\OML/cmm/m/it/10 ; booktitle \OT1/cmr/m/n/10 =
 []


Overfull \hbox (478.76689pt too wide) in paragraph at lines 721--729
[]\OML/cmm/m/it/10 ; author \OT1/cmr/m/n/10 =
 []


Overfull \hbox (103.7808pt too wide) in paragraph at lines 721--729
[]\OML/cmm/m/it/10 ; date \OT1/cmr/m/n/10 =
 []


Overfull \hbox (42.22223pt too wide) in paragraph at lines 721--729
[]$ 
 []


! LaTeX Error: Missing \begin{document}.

See the LaTeX manual or LaTeX Companion for explanation.
Type  H <return>  for immediate help.
 ...                                              
                                                  
l.730 @
       inproceedings{bhowmik_information_2018,
You're in trouble here.  Try typing  <return>  to proceed.
If that doesn't work, type  X <return>  to quit.

Missing character: There is no @ in font nullfont!
Missing character: There is no i in font nullfont!
Missing character: There is no n in font nullfont!
Missing character: There is no p in font nullfont!
Missing character: There is no r in font nullfont!
Missing character: There is no o in font nullfont!
Missing character: There is no c in font nullfont!
Missing character: There is no e in font nullfont!
Missing character: There is no e in font nullfont!
Missing character: There is no d in font nullfont!
Missing character: There is no i in font nullfont!
Missing character: There is no n in font nullfont!
Missing character: There is no g in font nullfont!
Missing character: There is no s in font nullfont!
Missing character: There is no b in font nullfont!
Missing character: There is no h in font nullfont!
Missing character: There is no o in font nullfont!
Missing character: There is no w in font nullfont!
Missing character: There is no m in font nullfont!
Missing character: There is no i in font nullfont!
Missing character: There is no k in font nullfont!
! Missing $ inserted.
<inserted text> 
                $
l.730 @inproceedings{bhowmik_
                             information_2018,
I've inserted a begin-math/end-math symbol since I think
you left one out. Proceed, with fingers crossed.

! Extra }, or forgotten $.
l.737 }
       
I've deleted a group-closing symbol because it seems to be
spurious, as in `$x}$'. But perhaps the } is legitimate and
you forgot something else, as in `\hbox{$x}'. In such cases
the way to recover is to insert both the forgotten and the
deleted material, e.g., by typing `I$}'.

! Missing $ inserted.
<inserted text> 
                $
l.738 
      
I've inserted a begin-math/end-math symbol since I think
you left one out. Proceed, with fingers crossed.


Overfull \hbox (146.94551pt too wide) in paragraph at lines 730--738
[]$[]\OML/cmm/m/it/10 nformation[]\OT1/cmr/m/n/10 018\OML/cmm/m/it/10 ; locatio
n \OT1/cmr/m/n/10 =
 []


Overfull \hbox (120.18942pt too wide) in paragraph at lines 730--738
[]\OML/cmm/m/it/10 ; title \OT1/cmr/m/n/10 =
 []


Overfull \hbox (570.23283pt too wide) in paragraph at lines 730--738
[]\OML/cmm/m/it/10 ; rights \OT1/cmr/m/n/10 =
 []


Overfull \hbox (84.58194pt too wide) in paragraph at lines 730--738
[]\OML/cmm/m/it/10 ; booktitle \OT1/cmr/m/n/10 =
 []


Overfull \hbox (340.05077pt too wide) in paragraph at lines 730--738
[]\OML/cmm/m/it/10 ; author \OT1/cmr/m/n/10 =
 []


Overfull \hbox (103.7808pt too wide) in paragraph at lines 730--738
[]\OML/cmm/m/it/10 ; date \OT1/cmr/m/n/10 =
 []


Overfull \hbox (42.22223pt too wide) in paragraph at lines 730--738
[]$ 
 []


! LaTeX Error: Missing \begin{document}.

See the LaTeX manual or LaTeX Companion for explanation.
Type  H <return>  for immediate help.
 ...                                              
                                                  
l.739 @
       inproceedings{bhowmik_large_2014,
You're in trouble here.  Try typing  <return>  to proceed.
If that doesn't work, type  X <return>  to quit.

Missing character: There is no @ in font nullfont!
Missing character: There is no i in font nullfont!
Missing character: There is no n in font nullfont!
Missing character: There is no p in font nullfont!
Missing character: There is no r in font nullfont!
Missing character: There is no o in font nullfont!
Missing character: There is no c in font nullfont!
Missing character: There is no e in font nullfont!
Missing character: There is no e in font nullfont!
Missing character: There is no d in font nullfont!
Missing character: There is no i in font nullfont!
Missing character: There is no n in font nullfont!
Missing character: There is no g in font nullfont!
Missing character: There is no s in font nullfont!
Missing character: There is no b in font nullfont!
Missing character: There is no h in font nullfont!
Missing character: There is no o in font nullfont!
Missing character: There is no w in font nullfont!
Missing character: There is no m in font nullfont!
Missing character: There is no i in font nullfont!
Missing character: There is no k in font nullfont!
! Missing $ inserted.
<inserted text> 
                $
l.739 @inproceedings{bhowmik_
                             large_2014,
I've inserted a begin-math/end-math symbol since I think
you left one out. Proceed, with fingers crossed.

! Extra }, or forgotten $.
l.746 }
       
I've deleted a group-closing symbol because it seems to be
spurious, as in `$x}$'. But perhaps the } is legitimate and
you forgot something else, as in `\hbox{$x}'. In such cases
the way to recover is to insert both the forgotten and the
deleted material, e.g., by typing `I$}'.

! Missing $ inserted.
<inserted text> 
                $
l.747 
      
I've inserted a begin-math/end-math symbol since I think
you left one out. Proceed, with fingers crossed.

Missing character: There is no ä in font cmmi10!

Overfull \hbox (112.96262pt too wide) in paragraph at lines 739--747
[]$[]\OML/cmm/m/it/10 arge[]\OT1/cmr/m/n/10 014\OML/cmm/m/it/10 ; location \OT1
/cmr/m/n/10 =
 []


Overfull \hbox (146.15784pt too wide) in paragraph at lines 739--747
[]\OML/cmm/m/it/10 ; title \OT1/cmr/m/n/10 =
 []


Overfull \hbox (380.6507pt too wide) in paragraph at lines 739--747
[]\OML/cmm/m/it/10 ; rights \OT1/cmr/m/n/10 =
 []


Overfull \hbox (117.10219pt too wide) in paragraph at lines 739--747
[]\OML/cmm/m/it/10 ; booktitle \OT1/cmr/m/n/10 =
 []


Overfull \hbox (372.9498pt too wide) in paragraph at lines 739--747
[]\OML/cmm/m/it/10 ; author \OT1/cmr/m/n/10 =
 []


Overfull \hbox (177.69064pt too wide) in paragraph at lines 739--747
[]\OML/cmm/m/it/10 ; date \OT1/cmr/m/n/10 =
 []


Overfull \hbox (20.00006pt too wide) in paragraph at lines 739--747
[]$ 
 []


! LaTeX Error: Missing \begin{document}.

See the LaTeX manual or LaTeX Companion for explanation.
Type  H <return>  for immediate help.
 ...                                              
                                                  
l.748 @
       inproceedings{bhowmik_responses_2013,
You're in trouble here.  Try typing  <return>  to proceed.
If that doesn't work, type  X <return>  to quit.

Missing character: There is no @ in font nullfont!
Missing character: There is no i in font nullfont!
Missing character: There is no n in font nullfont!
Missing character: There is no p in font nullfont!
Missing character: There is no r in font nullfont!
Missing character: There is no o in font nullfont!
Missing character: There is no c in font nullfont!
Missing character: There is no e in font nullfont!
Missing character: There is no e in font nullfont!
Missing character: There is no d in font nullfont!
Missing character: There is no i in font nullfont!
Missing character: There is no n in font nullfont!
Missing character: There is no g in font nullfont!
Missing character: There is no s in font nullfont!
Missing character: There is no b in font nullfont!
Missing character: There is no h in font nullfont!
Missing character: There is no o in font nullfont!
Missing character: There is no w in font nullfont!
Missing character: There is no m in font nullfont!
Missing character: There is no i in font nullfont!
Missing character: There is no k in font nullfont!
! Missing $ inserted.
<inserted text> 
                $
l.748 @inproceedings{bhowmik_
                             responses_2013,
I've inserted a begin-math/end-math symbol since I think
you left one out. Proceed, with fingers crossed.

! Extra }, or forgotten $.
l.755 }
       
I've deleted a group-closing symbol because it seems to be
spurious, as in `$x}$'. But perhaps the } is legitimate and
you forgot something else, as in `\hbox{$x}'. In such cases
the way to recover is to insert both the forgotten and the
deleted material, e.g., by typing `I$}'.

! Missing $ inserted.
<inserted text> 
                $
l.756 
      
I've inserted a begin-math/end-math symbol since I think
you left one out. Proceed, with fingers crossed.

Missing character: There is no ä in font cmmi10!

Overfull \hbox (133.71729pt too wide) in paragraph at lines 748--756
[]$[]\OML/cmm/m/it/10 esponses[]\OT1/cmr/m/n/10 013\OML/cmm/m/it/10 ; location 
\OT1/cmr/m/n/10 =
 []


Overfull \hbox (120.8124pt too wide) in paragraph at lines 748--756
[]\OML/cmm/m/it/10 ; title \OT1/cmr/m/n/10 =
 []


Overfull \hbox (319.93808pt too wide) in paragraph at lines 748--756
[]\OML/cmm/m/it/10 ; rights \OT1/cmr/m/n/10 =
 []


Overfull \hbox (117.10219pt too wide) in paragraph at lines 748--756
[]\OML/cmm/m/it/10 ; booktitle \OT1/cmr/m/n/10 =
 []


Overfull \hbox (406.07623pt too wide) in paragraph at lines 748--756
[]\OML/cmm/m/it/10 ; author \OT1/cmr/m/n/10 =
 []


Overfull \hbox (177.69064pt too wide) in paragraph at lines 748--756
[]\OML/cmm/m/it/10 ; date \OT1/cmr/m/n/10 =
 []


Overfull \hbox (20.00006pt too wide) in paragraph at lines 748--756
[]$ 
 []


! LaTeX Error: Missing \begin{document}.

See the LaTeX manual or LaTeX Companion for explanation.
Type  H <return>  for immediate help.
 ...                                              
                                                  
l.757 @
       inproceedings{bhowmik_health_2010,
You're in trouble here.  Try typing  <return>  to proceed.
If that doesn't work, type  X <return>  to quit.

Missing character: There is no @ in font nullfont!
Missing character: There is no i in font nullfont!
Missing character: There is no n in font nullfont!
Missing character: There is no p in font nullfont!
Missing character: There is no r in font nullfont!
Missing character: There is no o in font nullfont!
Missing character: There is no c in font nullfont!
Missing character: There is no e in font nullfont!
Missing character: There is no e in font nullfont!
Missing character: There is no d in font nullfont!
Missing character: There is no i in font nullfont!
Missing character: There is no n in font nullfont!
Missing character: There is no g in font nullfont!
Missing character: There is no s in font nullfont!
Missing character: There is no b in font nullfont!
Missing character: There is no h in font nullfont!
Missing character: There is no o in font nullfont!
Missing character: There is no w in font nullfont!
Missing character: There is no m in font nullfont!
Missing character: There is no i in font nullfont!
Missing character: There is no k in font nullfont!
! Missing $ inserted.
<inserted text> 
                $
l.757 @inproceedings{bhowmik_
                             health_2010,
I've inserted a begin-math/end-math symbol since I think
you left one out. Proceed, with fingers crossed.

! Extra }, or forgotten $.
l.764 }
       
I've deleted a group-closing symbol because it seems to be
spurious, as in `$x}$'. But perhaps the } is legitimate and
you forgot something else, as in `\hbox{$x}'. In such cases
the way to recover is to insert both the forgotten and the
deleted material, e.g., by typing `I$}'.

! Missing $ inserted.
<inserted text> 
                $
l.765 
      
I've inserted a begin-math/end-math symbol since I think
you left one out. Proceed, with fingers crossed.


Overfull \hbox (117.71034pt too wide) in paragraph at lines 757--765
[]$[]\OML/cmm/m/it/10 ealth[]\OT1/cmr/m/n/10 010\OML/cmm/m/it/10 ; location \OT
1/cmr/m/n/10 =
 []


Overfull \hbox (121.63986pt too wide) in paragraph at lines 757--765
[]\OML/cmm/m/it/10 ; title \OT1/cmr/m/n/10 =
 []


Overfull \hbox (405.54759pt too wide) in paragraph at lines 757--765
[]\OML/cmm/m/it/10 ; rights \OT1/cmr/m/n/10 =
 []


Overfull \hbox (117.10219pt too wide) in paragraph at lines 757--765
[]\OML/cmm/m/it/10 ; booktitle \OT1/cmr/m/n/10 =
 []


Overfull \hbox (285.29924pt too wide) in paragraph at lines 757--765
[]\OML/cmm/m/it/10 ; author \OT1/cmr/m/n/10 =
 []


Overfull \hbox (247.94296pt too wide) in paragraph at lines 757--765
[]\OML/cmm/m/it/10 ; date \OT1/cmr/m/n/10 =
 []


Overfull \hbox (20.00006pt too wide) in paragraph at lines 757--765
[]$ 
 []


! LaTeX Error: Missing \begin{document}.

See the LaTeX manual or LaTeX Companion for explanation.
Type  H <return>  for immediate help.
 ...                                              
                                                  
l.766 @
       inproceedings{bhowmik_can_2013,
You're in trouble here.  Try typing  <return>  to proceed.
If that doesn't work, type  X <return>  to quit.

Missing character: There is no @ in font nullfont!
Missing character: There is no i in font nullfont!
Missing character: There is no n in font nullfont!
Missing character: There is no p in font nullfont!
Missing character: There is no r in font nullfont!
Missing character: There is no o in font nullfont!
Missing character: There is no c in font nullfont!
Missing character: There is no e in font nullfont!
Missing character: There is no e in font nullfont!
Missing character: There is no d in font nullfont!
Missing character: There is no i in font nullfont!
Missing character: There is no n in font nullfont!
Missing character: There is no g in font nullfont!
Missing character: There is no s in font nullfont!
Missing character: There is no b in font nullfont!
Missing character: There is no h in font nullfont!
Missing character: There is no o in font nullfont!
Missing character: There is no w in font nullfont!
Missing character: There is no m in font nullfont!
Missing character: There is no i in font nullfont!
Missing character: There is no k in font nullfont!
! Missing $ inserted.
<inserted text> 
                $
l.766 @inproceedings{bhowmik_
                             can_2013,
I've inserted a begin-math/end-math symbol since I think
you left one out. Proceed, with fingers crossed.

! Extra }, or forgotten $.
l.774 }
       
I've deleted a group-closing symbol because it seems to be
spurious, as in `$x}$'. But perhaps the } is legitimate and
you forgot something else, as in `\hbox{$x}'. In such cases
the way to recover is to insert both the forgotten and the
deleted material, e.g., by typing `I$}'.

! Missing $ inserted.
<inserted text> 
                $
l.775 
      
I've inserted a begin-math/end-math symbol since I think
you left one out. Proceed, with fingers crossed.


Overfull \hbox (105.39516pt too wide) in paragraph at lines 766--775
[]$[]\OML/cmm/m/it/10 an[]\OT1/cmr/m/n/10 013\OML/cmm/m/it/10 ; location \OT1/c
mr/m/n/10 =
 []


Overfull \hbox (117.45058pt too wide) in paragraph at lines 766--775
[]\OML/cmm/m/it/10 ; title \OT1/cmr/m/n/10 =
 []


Overfull \hbox (577.38602pt too wide) in paragraph at lines 766--775
[]\OML/cmm/m/it/10 ; rights \OT1/cmr/m/n/10 =
 []


Overfull \hbox (117.10219pt too wide) in paragraph at lines 766--775
[]\OML/cmm/m/it/10 ; booktitle \OT1/cmr/m/n/10 =
 []


Overfull \hbox (309.82448pt too wide) in paragraph at lines 766--775
[]\OML/cmm/m/it/10 ; author \OT1/cmr/m/n/10 =
 []


Overfull \hbox (232.48413pt too wide) in paragraph at lines 766--775
[]\OML/cmm/m/it/10 ; date \OT1/cmr/m/n/10 =
 []


Overfull \hbox (52.25421pt too wide) in paragraph at lines 766--775
[]\OML/cmm/m/it/10 ; file \OT1/cmr/m/n/10 =
 []


Overfull \hbox (971.01904pt too wide) in paragraph at lines 766--775
[]$ 
 []


! LaTeX Error: Missing \begin{document}.

See the LaTeX manual or LaTeX Companion for explanation.
Type  H <return>  for immediate help.
 ...                                              
                                                  
l.776 @
       inproceedings{bhowmik_mapping_2015,
You're in trouble here.  Try typing  <return>  to proceed.
If that doesn't work, type  X <return>  to quit.

Missing character: There is no @ in font nullfont!
Missing character: There is no i in font nullfont!
Missing character: There is no n in font nullfont!
Missing character: There is no p in font nullfont!
Missing character: There is no r in font nullfont!
Missing character: There is no o in font nullfont!
Missing character: There is no c in font nullfont!
Missing character: There is no e in font nullfont!
Missing character: There is no e in font nullfont!
Missing character: There is no d in font nullfont!
Missing character: There is no i in font nullfont!
Missing character: There is no n in font nullfont!
Missing character: There is no g in font nullfont!
Missing character: There is no s in font nullfont!
Missing character: There is no b in font nullfont!
Missing character: There is no h in font nullfont!
Missing character: There is no o in font nullfont!
Missing character: There is no w in font nullfont!
Missing character: There is no m in font nullfont!
Missing character: There is no i in font nullfont!
Missing character: There is no k in font nullfont!
! Missing $ inserted.
<inserted text> 
                $
l.776 @inproceedings{bhowmik_
                             mapping_2015,
I've inserted a begin-math/end-math symbol since I think
you left one out. Proceed, with fingers crossed.

! Extra }, or forgotten $.
l.783 }
       
I've deleted a group-closing symbol because it seems to be
spurious, as in `$x}$'. But perhaps the } is legitimate and
you forgot something else, as in `\hbox{$x}'. In such cases
the way to recover is to insert both the forgotten and the
deleted material, e.g., by typing `I$}'.

! Missing $ inserted.
<inserted text> 
                $
l.784 
      
I've inserted a begin-math/end-math symbol since I think
you left one out. Proceed, with fingers crossed.

Missing character: There is no ä in font cmmi10!

Overfull \hbox (127.19484pt too wide) in paragraph at lines 776--784
[]$[]\OML/cmm/m/it/10 apping[]\OT1/cmr/m/n/10 015\OML/cmm/m/it/10 ; location \O
T1/cmr/m/n/10 =
 []


Overfull \hbox (108.96097pt too wide) in paragraph at lines 776--784
[]\OML/cmm/m/it/10 ; title \OT1/cmr/m/n/10 =
 []


Overfull \hbox (431.76476pt too wide) in paragraph at lines 776--784
[]\OML/cmm/m/it/10 ; rights \OT1/cmr/m/n/10 =
 []


Overfull \hbox (117.10219pt too wide) in paragraph at lines 776--784
[]\OML/cmm/m/it/10 ; booktitle \OT1/cmr/m/n/10 =
 []


Overfull \hbox (215.66254pt too wide) in paragraph at lines 776--784
[]\OML/cmm/m/it/10 ; author \OT1/cmr/m/n/10 =
 []


Overfull \hbox (658.84799pt too wide) in paragraph at lines 776--784
[]\OML/cmm/m/it/10 ; date \OT1/cmr/m/n/10 =
 []


Overfull \hbox (20.00006pt too wide) in paragraph at lines 776--784
[]$ 
 []


! LaTeX Error: Missing \begin{document}.

See the LaTeX manual or LaTeX Companion for explanation.
Type  H <return>  for immediate help.
 ...                                              
                                                  
l.785 @
       inproceedings{bhowmik_are_2015,
You're in trouble here.  Try typing  <return>  to proceed.
If that doesn't work, type  X <return>  to quit.

Missing character: There is no @ in font nullfont!
Missing character: There is no i in font nullfont!
Missing character: There is no n in font nullfont!
Missing character: There is no p in font nullfont!
Missing character: There is no r in font nullfont!
Missing character: There is no o in font nullfont!
Missing character: There is no c in font nullfont!
Missing character: There is no e in font nullfont!
Missing character: There is no e in font nullfont!
Missing character: There is no d in font nullfont!
Missing character: There is no i in font nullfont!
Missing character: There is no n in font nullfont!
Missing character: There is no g in font nullfont!
Missing character: There is no s in font nullfont!
Missing character: There is no b in font nullfont!
Missing character: There is no h in font nullfont!
Missing character: There is no o in font nullfont!
Missing character: There is no w in font nullfont!
Missing character: There is no m in font nullfont!
Missing character: There is no i in font nullfont!
Missing character: There is no k in font nullfont!
! Missing $ inserted.
<inserted text> 
                $
l.785 @inproceedings{bhowmik_
                             are_2015,
I've inserted a begin-math/end-math symbol since I think
you left one out. Proceed, with fingers crossed.

! Extra }, or forgotten $.
l.793 }
       
I've deleted a group-closing symbol because it seems to be
spurious, as in `$x}$'. But perhaps the } is legitimate and
you forgot something else, as in `\hbox{$x}'. In such cases
the way to recover is to insert both the forgotten and the
deleted material, e.g., by typing `I$}'.

! Missing $ inserted.
<inserted text> 
                $
l.794 
      
I've inserted a begin-math/end-math symbol since I think
you left one out. Proceed, with fingers crossed.

Missing character: There is no ä in font cmmi10!

Overfull \hbox (104.31645pt too wide) in paragraph at lines 785--794
[]$[]\OML/cmm/m/it/10 re[]\OT1/cmr/m/n/10 015\OML/cmm/m/it/10 ; location \OT1/c
mr/m/n/10 =
 []


Overfull \hbox (127.02022pt too wide) in paragraph at lines 785--794
[]\OML/cmm/m/it/10 ; title \OT1/cmr/m/n/10 =
 []


Overfull \hbox (635.63588pt too wide) in paragraph at lines 785--794
[]\OML/cmm/m/it/10 ; rights \OT1/cmr/m/n/10 =
 []


Overfull \hbox (121.29202pt too wide) in paragraph at lines 785--794
[]\OML/cmm/m/it/10 ; shorttitle \OT1/cmr/m/n/10 =
 []


Overfull \hbox (314.47694pt too wide) in paragraph at lines 785--794
[]\OML/cmm/m/it/10 ; booktitle \OT1/cmr/m/n/10 =
 []


Overfull \hbox (306.48555pt too wide) in paragraph at lines 785--794
[]\OML/cmm/m/it/10 ; author \OT1/cmr/m/n/10 =
 []


Overfull \hbox (177.69064pt too wide) in paragraph at lines 785--794
[]\OML/cmm/m/it/10 ; date \OT1/cmr/m/n/10 =
 []


Overfull \hbox (42.22223pt too wide) in paragraph at lines 785--794
[]$ 
 []


! LaTeX Error: Missing \begin{document}.

See the LaTeX manual or LaTeX Companion for explanation.
Type  H <return>  for immediate help.
 ...                                              
                                                  
l.795 @
       inproceedings{bhowmik_evaluation_2012,
You're in trouble here.  Try typing  <return>  to proceed.
If that doesn't work, type  X <return>  to quit.

Missing character: There is no @ in font nullfont!
Missing character: There is no i in font nullfont!
Missing character: There is no n in font nullfont!
Missing character: There is no p in font nullfont!
Missing character: There is no r in font nullfont!
Missing character: There is no o in font nullfont!
Missing character: There is no c in font nullfont!
Missing character: There is no e in font nullfont!
Missing character: There is no e in font nullfont!
Missing character: There is no d in font nullfont!
Missing character: There is no i in font nullfont!
Missing character: There is no n in font nullfont!
Missing character: There is no g in font nullfont!
Missing character: There is no s in font nullfont!
Missing character: There is no b in font nullfont!
Missing character: There is no h in font nullfont!
Missing character: There is no o in font nullfont!
Missing character: There is no w in font nullfont!
Missing character: There is no m in font nullfont!
Missing character: There is no i in font nullfont!
Missing character: There is no k in font nullfont!
! Missing $ inserted.
<inserted text> 
                $
l.795 @inproceedings{bhowmik_
                             evaluation_2012,
I've inserted a begin-math/end-math symbol since I think
you left one out. Proceed, with fingers crossed.

! Extra }, or forgotten $.
l.802 }
       
I've deleted a group-closing symbol because it seems to be
spurious, as in `$x}$'. But perhaps the } is legitimate and
you forgot something else, as in `\hbox{$x}'. In such cases
the way to recover is to insert both the forgotten and the
deleted material, e.g., by typing `I$}'.

! Missing $ inserted.
<inserted text> 
                $
l.803 
      
I've inserted a begin-math/end-math symbol since I think
you left one out. Proceed, with fingers crossed.


Overfull \hbox (136.91605pt too wide) in paragraph at lines 795--803
[]$[]\OML/cmm/m/it/10 valuation[]\OT1/cmr/m/n/10 012\OML/cmm/m/it/10 ; location
 \OT1/cmr/m/n/10 =
 []


Overfull \hbox (96.34221pt too wide) in paragraph at lines 795--803
[]\OML/cmm/m/it/10 ; title \OT1/cmr/m/n/10 =
 []


Overfull \hbox (494.15971pt too wide) in paragraph at lines 795--803
[]\OML/cmm/m/it/10 ; rights \OT1/cmr/m/n/10 =
 []


Overfull \hbox (84.58194pt too wide) in paragraph at lines 795--803
[]\OML/cmm/m/it/10 ; booktitle \OT1/cmr/m/n/10 =
 []


Overfull \hbox (223.80798pt too wide) in paragraph at lines 795--803
[]\OML/cmm/m/it/10 ; author \OT1/cmr/m/n/10 =
 []


Overfull \hbox (103.7808pt too wide) in paragraph at lines 795--803
[]\OML/cmm/m/it/10 ; date \OT1/cmr/m/n/10 =
 []


Overfull \hbox (42.22223pt too wide) in paragraph at lines 795--803
[]$ 
 []


! LaTeX Error: Missing \begin{document}.

See the LaTeX manual or LaTeX Companion for explanation.
Type  H <return>  for immediate help.
 ...                                              
                                                  
l.804 @
       inproceedings{bhowmik_are_2017,
You're in trouble here.  Try typing  <return>  to proceed.
If that doesn't work, type  X <return>  to quit.

Missing character: There is no @ in font nullfont!
Missing character: There is no i in font nullfont!
Missing character: There is no n in font nullfont!
Missing character: There is no p in font nullfont!
Missing character: There is no r in font nullfont!
Missing character: There is no o in font nullfont!
Missing character: There is no c in font nullfont!
Missing character: There is no e in font nullfont!
Missing character: There is no e in font nullfont!
Missing character: There is no d in font nullfont!
Missing character: There is no i in font nullfont!
Missing character: There is no n in font nullfont!
Missing character: There is no g in font nullfont!
Missing character: There is no s in font nullfont!
Missing character: There is no b in font nullfont!
Missing character: There is no h in font nullfont!
Missing character: There is no o in font nullfont!
Missing character: There is no w in font nullfont!
Missing character: There is no m in font nullfont!
Missing character: There is no i in font nullfont!
Missing character: There is no k in font nullfont!
! Missing $ inserted.
<inserted text> 
                $
l.804 @inproceedings{bhowmik_
                             are_2017,
I've inserted a begin-math/end-math symbol since I think
you left one out. Proceed, with fingers crossed.

! Extra }, or forgotten $.
l.812 }
       
I've deleted a group-closing symbol because it seems to be
spurious, as in `$x}$'. But perhaps the } is legitimate and
you forgot something else, as in `\hbox{$x}'. In such cases
the way to recover is to insert both the forgotten and the
deleted material, e.g., by typing `I$}'.

! Missing $ inserted.
<inserted text> 
                $
l.813 
      
I've inserted a begin-math/end-math symbol since I think
you left one out. Proceed, with fingers crossed.

Missing character: There is no ö in font cmmi10!

Overfull \hbox (104.31645pt too wide) in paragraph at lines 804--813
[]$[]\OML/cmm/m/it/10 re[]\OT1/cmr/m/n/10 017\OML/cmm/m/it/10 ; location \OT1/c
mr/m/n/10 =
 []


Overfull \hbox (120.8124pt too wide) in paragraph at lines 804--813
[]\OML/cmm/m/it/10 ; title \OT1/cmr/m/n/10 =
 []


Overfull \hbox (191.53189pt too wide) in paragraph at lines 804--813
[]\OML/cmm/m/it/10 ; rights \OT1/cmr/m/n/10 =
 []


Overfull \hbox (121.29202pt too wide) in paragraph at lines 804--813
[]\OML/cmm/m/it/10 ; shorttitle \OT1/cmr/m/n/10 =
 []


Overfull \hbox (276.54652pt too wide) in paragraph at lines 804--813
[]\OML/cmm/m/it/10 ; booktitle \OT1/cmr/m/n/10 =
 []


Overfull \hbox (268.55513pt too wide) in paragraph at lines 804--813
[]\OML/cmm/m/it/10 ; author \OT1/cmr/m/n/10 =
 []


Overfull \hbox (177.12582pt too wide) in paragraph at lines 804--813
[]\OML/cmm/m/it/10 ; date \OT1/cmr/m/n/10 =
 []


Overfull \hbox (42.22223pt too wide) in paragraph at lines 804--813
[]$ 
 []


! LaTeX Error: Missing \begin{document}.

See the LaTeX manual or LaTeX Companion for explanation.
Type  H <return>  for immediate help.
 ...                                              
                                                  
l.814 @
       inproceedings{bhowmik_modelling_2017,
You're in trouble here.  Try typing  <return>  to proceed.
If that doesn't work, type  X <return>  to quit.

Missing character: There is no @ in font nullfont!
Missing character: There is no i in font nullfont!
Missing character: There is no n in font nullfont!
Missing character: There is no p in font nullfont!
Missing character: There is no r in font nullfont!
Missing character: There is no o in font nullfont!
Missing character: There is no c in font nullfont!
Missing character: There is no e in font nullfont!
Missing character: There is no e in font nullfont!
Missing character: There is no d in font nullfont!
Missing character: There is no i in font nullfont!
Missing character: There is no n in font nullfont!
Missing character: There is no g in font nullfont!
Missing character: There is no s in font nullfont!
Missing character: There is no b in font nullfont!
Missing character: There is no h in font nullfont!
Missing character: There is no o in font nullfont!
Missing character: There is no w in font nullfont!
Missing character: There is no m in font nullfont!
Missing character: There is no i in font nullfont!
Missing character: There is no k in font nullfont!
! Missing $ inserted.
<inserted text> 
                $
l.814 @inproceedings{bhowmik_
                             modelling_2017,
I've inserted a begin-math/end-math symbol since I think
you left one out. Proceed, with fingers crossed.

! Extra }, or forgotten $.
l.822 }
       
I've deleted a group-closing symbol because it seems to be
spurious, as in `$x}$'. But perhaps the } is legitimate and
you forgot something else, as in `\hbox{$x}'. In such cases
the way to recover is to insert both the forgotten and the
deleted material, e.g., by typing `I$}'.

! Missing $ inserted.
<inserted text> 
                $
l.823 
      
I've inserted a begin-math/end-math symbol since I think
you left one out. Proceed, with fingers crossed.

Missing character: There is no ö in font cmmi10!

Overfull \hbox (132.91595pt too wide) in paragraph at lines 814--823
[]$[]\OML/cmm/m/it/10 odelling[]\OT1/cmr/m/n/10 017\OML/cmm/m/it/10 ; location 
\OT1/cmr/m/n/10 =
 []


Overfull \hbox (120.8124pt too wide) in paragraph at lines 814--823
[]\OML/cmm/m/it/10 ; title \OT1/cmr/m/n/10 =
 []


Overfull \hbox (446.42934pt too wide) in paragraph at lines 814--823
[]\OML/cmm/m/it/10 ; rights \OT1/cmr/m/n/10 =
 []


Overfull \hbox (121.29202pt too wide) in paragraph at lines 814--823
[]\OML/cmm/m/it/10 ; shorttitle \OT1/cmr/m/n/10 =
 []


Overfull \hbox (610.16557pt too wide) in paragraph at lines 814--823
[]\OML/cmm/m/it/10 ; booktitle \OT1/cmr/m/n/10 =
 []


Overfull \hbox (602.17418pt too wide) in paragraph at lines 814--823
[]\OML/cmm/m/it/10 ; author \OT1/cmr/m/n/10 =
 []


Overfull \hbox (177.12582pt too wide) in paragraph at lines 814--823
[]\OML/cmm/m/it/10 ; date \OT1/cmr/m/n/10 =
 []


Overfull \hbox (42.22223pt too wide) in paragraph at lines 814--823
[]$ 
 []


! LaTeX Error: Missing \begin{document}.

See the LaTeX manual or LaTeX Companion for explanation.
Type  H <return>  for immediate help.
 ...                                              
                                                  
l.824 @
       inproceedings{mccaffrey_countdown_2017,
You're in trouble here.  Try typing  <return>  to proceed.
If that doesn't work, type  X <return>  to quit.

Missing character: There is no @ in font nullfont!
Missing character: There is no i in font nullfont!
Missing character: There is no n in font nullfont!
Missing character: There is no p in font nullfont!
Missing character: There is no r in font nullfont!
Missing character: There is no o in font nullfont!
Missing character: There is no c in font nullfont!
Missing character: There is no e in font nullfont!
Missing character: There is no e in font nullfont!
Missing character: There is no d in font nullfont!
Missing character: There is no i in font nullfont!
Missing character: There is no n in font nullfont!
Missing character: There is no g in font nullfont!
Missing character: There is no s in font nullfont!
Missing character: There is no m in font nullfont!
Missing character: There is no c in font nullfont!
Missing character: There is no c in font nullfont!
Missing character: There is no a in font nullfont!
Missing character: There is no f in font nullfont!
Missing character: There is no f in font nullfont!
Missing character: There is no r in font nullfont!
Missing character: There is no e in font nullfont!
Missing character: There is no y in font nullfont!
! Missing $ inserted.
<inserted text> 
                $
l.824 @inproceedings{mccaffrey_
                               countdown_2017,
I've inserted a begin-math/end-math symbol since I think
you left one out. Proceed, with fingers crossed.

! Extra }, or forgotten $.
l.837 }
       
I've deleted a group-closing symbol because it seems to be
spurious, as in `$x}$'. But perhaps the } is legitimate and
you forgot something else, as in `\hbox{$x}'. In such cases
the way to recover is to insert both the forgotten and the
deleted material, e.g., by typing `I$}'.

! Missing $ inserted.
<inserted text> 
                $
l.838 
      
I've inserted a begin-math/end-math symbol since I think
you left one out. Proceed, with fingers crossed.

Missing character: There is no ̊ in font cmmi10!
Missing character: There is no “ in font cmr10!
Missing character: There is no ” in font cmr10!
Missing character: There is no – in font cmr10!
Missing character: There is no “ in font cmr10!
Missing character: There is no ” in font cmr10!
Missing character: There is no “ in font cmr10!
Missing character: There is no ” in font cmr10!

Overfull \hbox (137.77489pt too wide) in paragraph at lines 824--838
[]$[]\OML/cmm/m/it/10 ountdown[]\OT1/cmr/m/n/10 017\OML/cmm/m/it/10 ; location 
\OT1/cmr/m/n/10 =
 []


Overfull \hbox (106.43967pt too wide) in paragraph at lines 824--838
[]\OML/cmm/m/it/10 ; title \OT1/cmr/m/n/10 =
 []


Overfull \hbox (754.84727pt too wide) in paragraph at lines 824--838
[]\OML/cmm/m/it/10 ; volume \OT1/cmr/m/n/10 =
 []


Overfull \hbox (52.42311pt too wide) in paragraph at lines 824--838
[]\OML/cmm/m/it/10 ; rights \OT1/cmr/m/n/10 =
 []


Overfull \hbox (92.58826pt too wide) in paragraph at lines 824--838
[]\OML/cmm/m/it/10 ; doi \OT1/cmr/m/n/10 =
 []


Overfull \hbox (387.17578pt too wide) in paragraph at lines 824--838
[]\OML/cmm/m/it/10 ; abstract \OT1/cmr/m/n/10 =
 []


Overfull \hbox (7227.03436pt too wide) in paragraph at lines 824--838
[]\OML/cmm/m/it/10 ; eventtitle \OT1/cmr/m/n/10 =
 []


Overfull \hbox (245.93417pt too wide) in paragraph at lines 824--838
[]\OML/cmm/m/it/10 ; pages \OT1/cmr/m/n/10 =
 []


Overfull \hbox (78.01115pt too wide) in paragraph at lines 824--838
[]\OML/cmm/m/it/10 ; booktitle \OT1/cmr/m/n/10 =
 []


Overfull \hbox (183.99304pt too wide) in paragraph at lines 824--838
[]\OML/cmm/m/it/10 ; author \OT1/cmr/m/n/10 =
 []


Overfull \hbox (192.65155pt too wide) in paragraph at lines 824--838
[]\OML/cmm/m/it/10 ; date \OT1/cmr/m/n/10 =
 []


Overfull \hbox (52.25421pt too wide) in paragraph at lines 824--838
[]\OML/cmm/m/it/10 ; file \OT1/cmr/m/n/10 =
 []


Overfull \hbox (1408.14116pt too wide) in paragraph at lines 824--838
[]$ 
 []


! LaTeX Error: Missing \begin{document}.

See the LaTeX manual or LaTeX Companion for explanation.
Type  H <return>  for immediate help.
 ...                                              
                                                  
l.839 @
       inproceedings{bhowmik_environmentally_2017,
You're in trouble here.  Try typing  <return>  to proceed.
If that doesn't work, type  X <return>  to quit.

Missing character: There is no @ in font nullfont!
Missing character: There is no i in font nullfont!
Missing character: There is no n in font nullfont!
Missing character: There is no p in font nullfont!
Missing character: There is no r in font nullfont!
Missing character: There is no o in font nullfont!
Missing character: There is no c in font nullfont!
Missing character: There is no e in font nullfont!
Missing character: There is no e in font nullfont!
Missing character: There is no d in font nullfont!
Missing character: There is no i in font nullfont!
Missing character: There is no n in font nullfont!
Missing character: There is no g in font nullfont!
Missing character: There is no s in font nullfont!
Missing character: There is no b in font nullfont!
Missing character: There is no h in font nullfont!
Missing character: There is no o in font nullfont!
Missing character: There is no w in font nullfont!
Missing character: There is no m in font nullfont!
Missing character: There is no i in font nullfont!
Missing character: There is no k in font nullfont!
! Missing $ inserted.
<inserted text> 
                $
l.839 @inproceedings{bhowmik_
                             environmentally_2017,
I've inserted a begin-math/end-math symbol since I think
you left one out. Proceed, with fingers crossed.

! Extra }, or forgotten $.
l.846 }
       
I've deleted a group-closing symbol because it seems to be
spurious, as in `$x}$'. But perhaps the } is legitimate and
you forgot something else, as in `\hbox{$x}'. In such cases
the way to recover is to insert both the forgotten and the
deleted material, e.g., by typing `I$}'.

! Missing $ inserted.
<inserted text> 
                $
l.847 
      
I've inserted a begin-math/end-math symbol since I think
you left one out. Proceed, with fingers crossed.


Overfull \hbox (164.21944pt too wide) in paragraph at lines 839--847
[]$[]\OML/cmm/m/it/10 nvironmentally[]\OT1/cmr/m/n/10 017\OML/cmm/m/it/10 ; loc
ation \OT1/cmr/m/n/10 =
 []


Overfull \hbox (123.60349pt too wide) in paragraph at lines 839--847
[]\OML/cmm/m/it/10 ; title \OT1/cmr/m/n/10 =
 []


Overfull \hbox (388.67584pt too wide) in paragraph at lines 839--847
[]\OML/cmm/m/it/10 ; rights \OT1/cmr/m/n/10 =
 []


Overfull \hbox (84.58194pt too wide) in paragraph at lines 839--847
[]\OML/cmm/m/it/10 ; booktitle \OT1/cmr/m/n/10 =
 []


Overfull \hbox (258.66904pt too wide) in paragraph at lines 839--847
[]\OML/cmm/m/it/10 ; author \OT1/cmr/m/n/10 =
 []


Overfull \hbox (103.7808pt too wide) in paragraph at lines 839--847
[]\OML/cmm/m/it/10 ; date \OT1/cmr/m/n/10 =
 []


Overfull \hbox (20.00006pt too wide) in paragraph at lines 839--847
[]$ 
 []


! LaTeX Error: Missing \begin{document}.

See the LaTeX manual or LaTeX Companion for explanation.
Type  H <return>  for immediate help.
 ...                                              
                                                  
l.848 @
       inproceedings{downing_global_2017,
You're in trouble here.  Try typing  <return>  to proceed.
If that doesn't work, type  X <return>  to quit.

Missing character: There is no @ in font nullfont!
Missing character: There is no i in font nullfont!
Missing character: There is no n in font nullfont!
Missing character: There is no p in font nullfont!
Missing character: There is no r in font nullfont!
Missing character: There is no o in font nullfont!
Missing character: There is no c in font nullfont!
Missing character: There is no e in font nullfont!
Missing character: There is no e in font nullfont!
Missing character: There is no d in font nullfont!
Missing character: There is no i in font nullfont!
Missing character: There is no n in font nullfont!
Missing character: There is no g in font nullfont!
Missing character: There is no s in font nullfont!
Missing character: There is no d in font nullfont!
Missing character: There is no o in font nullfont!
Missing character: There is no w in font nullfont!
Missing character: There is no n in font nullfont!
Missing character: There is no i in font nullfont!
Missing character: There is no n in font nullfont!
Missing character: There is no g in font nullfont!
! Missing $ inserted.
<inserted text> 
                $
l.848 @inproceedings{downing_
                             global_2017,
I've inserted a begin-math/end-math symbol since I think
you left one out. Proceed, with fingers crossed.

! Extra }, or forgotten $.
l.855 }
       
I've deleted a group-closing symbol because it seems to be
spurious, as in `$x}$'. But perhaps the } is legitimate and
you forgot something else, as in `\hbox{$x}'. In such cases
the way to recover is to insert both the forgotten and the
deleted material, e.g., by typing `I$}'.

! Missing $ inserted.
<inserted text> 
                $
l.856 
      
I've inserted a begin-math/end-math symbol since I think
you left one out. Proceed, with fingers crossed.

Missing character: There is no ä in font cmmi10!
Missing character: There is no ä in font cmmi10!

Overfull \hbox (115.27477pt too wide) in paragraph at lines 848--856
[]$[]\OML/cmm/m/it/10 lobal[]\OT1/cmr/m/n/10 017\OML/cmm/m/it/10 ; location \OT
1/cmr/m/n/10 =
 []


Overfull \hbox (81.0887pt too wide) in paragraph at lines 848--856
[]\OML/cmm/m/it/10 ; title \OT1/cmr/m/n/10 =
 []


Overfull \hbox (299.7368pt too wide) in paragraph at lines 848--856
[]\OML/cmm/m/it/10 ; rights \OT1/cmr/m/n/10 =
 []


Overfull \hbox (117.10219pt too wide) in paragraph at lines 848--856
[]\OML/cmm/m/it/10 ; booktitle \OT1/cmr/m/n/10 =
 []


Overfull \hbox (323.58727pt too wide) in paragraph at lines 848--856
[]\OML/cmm/m/it/10 ; author \OT1/cmr/m/n/10 =
 []


Overfull \hbox (533.96788pt too wide) in paragraph at lines 848--856
[]\OML/cmm/m/it/10 ; date \OT1/cmr/m/n/10 =
 []


Overfull \hbox (20.00006pt too wide) in paragraph at lines 848--856
[]$ 
 []


! LaTeX Error: Missing \begin{document}.

See the LaTeX manual or LaTeX Companion for explanation.
Type  H <return>  for immediate help.
 ...                                              
                                                  
l.857 @
       inproceedings{otto_social_2017,
You're in trouble here.  Try typing  <return>  to proceed.
If that doesn't work, type  X <return>  to quit.

Missing character: There is no @ in font nullfont!
Missing character: There is no i in font nullfont!
Missing character: There is no n in font nullfont!
Missing character: There is no p in font nullfont!
Missing character: There is no r in font nullfont!
Missing character: There is no o in font nullfont!
Missing character: There is no c in font nullfont!
Missing character: There is no e in font nullfont!
Missing character: There is no e in font nullfont!
Missing character: There is no d in font nullfont!
Missing character: There is no i in font nullfont!
Missing character: There is no n in font nullfont!
Missing character: There is no g in font nullfont!
Missing character: There is no s in font nullfont!
Missing character: There is no o in font nullfont!
Missing character: There is no t in font nullfont!
Missing character: There is no t in font nullfont!
Missing character: There is no o in font nullfont!
! Missing $ inserted.
<inserted text> 
                $
l.857 @inproceedings{otto_
                          social_2017,
I've inserted a begin-math/end-math symbol since I think
you left one out. Proceed, with fingers crossed.

! Extra }, or forgotten $.
l.864 }
       
I've deleted a group-closing symbol because it seems to be
spurious, as in `$x}$'. But perhaps the } is legitimate and
you forgot something else, as in `\hbox{$x}'. In such cases
the way to recover is to insert both the forgotten and the
deleted material, e.g., by typing `I$}'.

! Missing $ inserted.
<inserted text> 
                $
l.865 
      
I've inserted a begin-math/end-math symbol since I think
you left one out. Proceed, with fingers crossed.


Overfull \hbox (115.1971pt too wide) in paragraph at lines 857--865
[]$[]\OML/cmm/m/it/10 ocial[]\OT1/cmr/m/n/10 017\OML/cmm/m/it/10 ; location \OT
1/cmr/m/n/10 =
 []


Overfull \hbox (81.0887pt too wide) in paragraph at lines 857--865
[]\OML/cmm/m/it/10 ; title \OT1/cmr/m/n/10 =
 []


Overfull \hbox (318.21379pt too wide) in paragraph at lines 857--865
[]\OML/cmm/m/it/10 ; rights \OT1/cmr/m/n/10 =
 []


Overfull \hbox (117.10219pt too wide) in paragraph at lines 857--865
[]\OML/cmm/m/it/10 ; booktitle \OT1/cmr/m/n/10 =
 []


Overfull \hbox (323.58727pt too wide) in paragraph at lines 857--865
[]\OML/cmm/m/it/10 ; author \OT1/cmr/m/n/10 =
 []


Overfull \hbox (433.54839pt too wide) in paragraph at lines 857--865
[]\OML/cmm/m/it/10 ; date \OT1/cmr/m/n/10 =
 []


Overfull \hbox (20.00006pt too wide) in paragraph at lines 857--865
[]$ 
 []


! LaTeX Error: Missing \begin{document}.

See the LaTeX manual or LaTeX Companion for explanation.
Type  H <return>  for immediate help.
 ...                                              
                                                  
l.866 @
       inproceedings{bhowmik_mod_2017,
You're in trouble here.  Try typing  <return>  to proceed.
If that doesn't work, type  X <return>  to quit.

Missing character: There is no @ in font nullfont!
Missing character: There is no i in font nullfont!
Missing character: There is no n in font nullfont!
Missing character: There is no p in font nullfont!
Missing character: There is no r in font nullfont!
Missing character: There is no o in font nullfont!
Missing character: There is no c in font nullfont!
Missing character: There is no e in font nullfont!
Missing character: There is no e in font nullfont!
Missing character: There is no d in font nullfont!
Missing character: There is no i in font nullfont!
Missing character: There is no n in font nullfont!
Missing character: There is no g in font nullfont!
Missing character: There is no s in font nullfont!
Missing character: There is no b in font nullfont!
Missing character: There is no h in font nullfont!
Missing character: There is no o in font nullfont!
Missing character: There is no w in font nullfont!
Missing character: There is no m in font nullfont!
Missing character: There is no i in font nullfont!
Missing character: There is no k in font nullfont!
! Missing $ inserted.
<inserted text> 
                $
l.866 @inproceedings{bhowmik_
                             mod_2017,
I've inserted a begin-math/end-math symbol since I think
you left one out. Proceed, with fingers crossed.

! Extra }, or forgotten $.
l.873 }
       
I've deleted a group-closing symbol because it seems to be
spurious, as in `$x}$'. But perhaps the } is legitimate and
you forgot something else, as in `\hbox{$x}'. In such cases
the way to recover is to insert both the forgotten and the
deleted material, e.g., by typing `I$}'.

)
! Emergency stop.
<*> ...orship/Augsburg/CV_Bhowmik/bibliography.bib
                                                  
*** (job aborted, no legal \end found)

 
Here is how much of TeX's memory you used:
 43 strings out of 492970
 1192 string characters out of 6133938
 173010 words of memory out of 5000000
 4138 multiletter control sequences out of 15000+600000
 4007 words of font info for 16 fonts, out of 8000000 for 9000
 1348 hyphenation exceptions out of 8191
 18i,4n,12p,2838b,217s stack positions out of 5000i,500n,10000p,200000b,80000s
Output written on /Users/avitkbhowmik/Work/Career/Professorship/Augsburg/CV_Bho
wmik/bibliography.pdf (1 page).
